customerid,seniorcitizen,partner,dependents,tenure,phoneservice,multiplelines,onlinesecurity,onlinebackup,deviceprotection,techsupport,streamingtv,streamingmovies,paperlessbilling,monthlycharges,totalcharges,churn,gender_male,internetservice_fiber_optic,internetservice_no,contract_one_year,contract_two_year,paymentmethod_credit_card_automatic,paymentmethod_electronic_check,paymentmethod_mailed_check
7590-VHVEG,0,1,0,1,0,0,0,1,0,0,0,0,1,29.85,29.85,0,False,False,False,False,False,False,True,False
5575-GNVDE,0,0,0,34,1,0,1,0,1,0,0,0,0,56.95,1889.5,0,True,False,False,True,False,False,False,True
3668-QPYBK,0,0,0,2,1,0,1,1,0,0,0,0,1,53.85,108.15,1,True,False,False,False,False,False,False,True
7795-CFOCW,0,0,0,45,0,0,1,0,1,1,0,0,0,42.3,1840.75,0,True,False,False,True,False,False,False,False
9237-HQITU,0,0,0,2,1,0,0,0,0,0,0,0,1,70.7,151.65,1,False,True,False,False,False,False,True,False
9305-CDSKC,0,0,0,8,1,1,0,0,1,0,1,1,1,99.65,820.5,1,False,True,False,False,False,False,True,False
1452-KIOVK,0,0,1,22,1,1,0,1,0,0,1,0,1,89.1,1949.4,0,True,True,False,False,False,True,False,False
6713-OKOMC,0,0,0,10,0,0,1,0,0,0,0,0,0,29.75,301.9,0,False,False,False,False,False,False,False,True
7892-POOKP,0,1,0,28,1,1,0,0,1,1,1,1,1,104.8,3046.05,1,False,True,False,False,False,False,True,False
6388-TABGU,0,0,1,62,1,0,1,1,0,0,0,0,0,56.15,3487.95,0,True,False,False,True,False,False,False,False
9763-GRSKD,0,1,1,13,1,0,1,0,0,0,0,0,1,49.95,587.45,0,True,False,False,False,False,False,False,True
7469-LKBCI,0,0,0,16,1,0,0,0,0,0,0,0,0,18.95,326.8,0,True,False,True,False,True,True,False,False
8091-TTVAX,0,1,0,58,1,1,0,0,1,0,1,1,0,100.35,5681.1,0,True,True,False,True,False,True,False,False
0280-XJGEX,0,0,0,49,1,1,0,1,1,0,1,1,1,103.7,5036.3,1,True,True,False,False,False,False,False,False
5129-JLPIS,0,0,0,25,1,0,1,0,1,1,1,1,1,105.5,2686.05,0,True,True,False,False,False,False,True,False
3655-SNQYZ,0,1,1,69,1,1,1,1,1,1,1,1,0,113.25,7895.15,0,False,True,False,False,True,True,False,False
8191-XWSZG,0,0,0,52,1,0,0,0,0,0,0,0,0,20.65,1022.95,0,False,False,True,True,False,False,False,True
9959-WOFKT,0,0,1,71,1,1,1,0,1,0,1,1,0,106.7,7382.25,0,True,True,False,False,True,False,False,False
4190-MFLUW,0,1,1,10,1,0,0,0,1,1,0,0,0,55.2,528.35,1,False,False,False,False,False,True,False,False
4183-MYFRB,0,0,0,21,1,0,0,1,1,0,0,1,1,90.05,1862.9,0,False,True,False,False,False,False,True,False
8779-QRDMV,1,0,0,1,0,0,0,0,1,0,0,1,1,39.65,39.65,1,True,False,False,False,False,False,True,False
1680-VDCWW,0,1,0,12,1,0,0,0,0,0,0,0,0,19.8,202.25,0,True,False,True,True,False,False,False,False
1066-JKSGK,0,0,0,1,1,0,0,0,0,0,0,0,0,20.15,20.15,1,True,False,True,False,False,False,False,True
3638-WEABW,0,1,0,58,1,1,0,1,0,1,0,0,1,59.9,3505.1,0,False,False,False,False,True,True,False,False
6322-HRPFA,0,1,1,49,1,0,1,1,0,1,0,0,0,59.6,2970.3,0,True,False,False,False,False,True,False,False
6865-JZNKO,0,0,0,30,1,0,1,1,0,0,0,0,1,55.3,1530.6,0,False,False,False,False,False,False,False,False
6467-CHFZW,0,1,1,47,1,1,0,1,0,0,1,1,1,99.35,4749.15,1,True,True,False,False,False,False,True,False
8665-UTDHZ,0,1,1,1,0,0,0,1,0,0,0,0,0,30.2,30.2,1,True,False,False,False,False,False,True,False
5248-YGIJN,0,1,0,72,1,1,1,1,1,1,1,1,1,90.25,6369.45,0,True,False,False,False,True,True,False,False
8773-HHUOZ,0,0,1,17,1,0,0,0,0,0,1,1,1,64.7,1093.1,1,False,False,False,False,False,False,False,True
3841-NFECX,1,1,0,71,1,1,1,1,1,1,0,0,1,96.35,6766.95,0,False,True,False,False,True,True,False,False
4929-XIHVW,1,1,0,2,1,0,0,0,1,0,1,1,1,95.5,181.65,0,True,True,False,False,False,True,False,False
6827-IEAUQ,0,1,1,27,1,0,1,1,1,1,0,0,0,66.15,1874.45,0,False,False,False,True,False,False,False,True
7310-EGVHZ,0,0,0,1,1,0,0,0,0,0,0,0,0,20.2,20.2,0,True,False,True,False,False,False,False,False
3413-BMNZE,1,0,0,1,1,0,0,0,0,0,0,0,0,45.25,45.25,0,True,False,False,False,False,False,False,False
6234-RAAPL,0,1,1,72,1,1,1,1,0,1,1,0,0,99.9,7251.7,0,False,True,False,False,True,False,False,False
6047-YHPVI,0,0,0,5,1,0,0,0,0,0,0,0,1,69.7,316.9,1,True,True,False,False,False,False,True,False
6572-ADKRS,0,0,0,46,1,0,0,0,1,0,0,0,1,74.8,3548.3,0,False,True,False,False,False,True,False,False
5380-WJKOV,0,0,0,34,1,1,0,1,1,0,1,1,1,106.35,3549.25,1,True,True,False,False,False,False,True,False
8168-UQWWF,0,0,0,11,1,1,0,0,1,0,1,1,1,97.85,1105.4,1,False,True,False,False,False,False,False,False
8865-TNMNX,0,1,1,10,1,0,0,1,0,0,0,0,0,49.55,475.7,0,True,False,False,True,False,False,False,True
9489-DEDVP,0,1,1,70,1,1,1,1,0,0,1,0,1,69.2,4872.35,0,False,False,False,False,True,True,False,False
9867-JCZSP,0,1,1,17,1,0,0,0,0,0,0,0,0,20.75,418.25,0,False,False,True,True,False,False,False,True
4671-VJLCL,0,0,0,63,1,1,1,1,1,1,1,0,1,79.85,4861.45,0,False,False,False,False,True,True,False,False
4080-IIARD,0,1,0,13,1,1,1,1,0,1,1,0,1,76.2,981.45,0,False,False,False,False,False,False,True,False
3714-NTNFO,0,0,0,49,1,1,0,0,0,0,0,1,1,84.5,3906.7,0,False,True,False,False,False,False,True,False
5948-UJZLF,0,0,0,2,1,0,0,1,0,0,0,0,0,49.25,97.0,0,True,False,False,False,False,False,False,True
7760-OYPDY,0,0,0,2,1,0,0,0,0,0,1,0,1,80.65,144.15,1,False,True,False,False,False,False,True,False
7639-LIAYI,0,0,0,52,1,1,1,0,0,1,1,1,1,79.75,4217.8,0,True,False,False,False,True,True,False,False
2954-PIBKO,0,1,1,69,1,1,1,0,1,1,0,0,1,64.15,4254.1,0,False,False,False,False,True,True,False,False
8012-SOUDQ,1,0,0,43,1,1,0,1,0,0,1,0,1,90.25,3838.75,0,False,True,False,False,False,False,True,False
9420-LOJKX,0,0,0,15,1,0,1,1,0,0,1,1,1,99.1,1426.4,1,False,True,False,False,False,True,False,False
6575-SUVOI,1,1,0,25,1,1,1,0,0,1,1,0,1,69.5,1752.65,0,False,False,False,False,False,True,False,False
7495-OOKFY,1,1,0,8,1,1,0,1,0,0,0,0,1,80.65,633.3,1,False,True,False,False,False,True,False,False
4667-QONEA,1,1,1,60,1,0,1,1,1,1,0,1,1,74.85,4456.35,0,False,False,False,True,False,True,False,False
1658-BYGOY,1,0,0,18,1,1,0,0,0,0,1,1,1,95.45,1752.55,1,True,True,False,False,False,False,True,False
8769-KKTPH,0,1,1,63,1,1,1,0,0,0,1,1,1,99.65,6311.2,0,False,True,False,True,False,True,False,False
5067-XJQFU,1,1,1,66,1,1,0,1,1,1,1,1,1,108.45,7076.35,0,True,True,False,True,False,False,True,False
3957-SQXML,0,1,1,34,1,1,0,0,0,0,0,0,0,24.95,894.3,0,False,False,True,False,True,True,False,False
5954-BDFSG,0,0,0,72,1,1,0,0,1,1,1,1,1,107.5,7853.7,0,False,True,False,False,True,True,False,False
0434-CSFON,0,1,0,47,1,1,0,0,1,0,1,1,1,100.5,4707.1,0,False,True,False,False,False,False,True,False
1215-FIGMP,0,0,0,60,1,1,0,1,0,0,1,0,1,89.9,5450.7,0,True,True,False,False,False,False,False,False
0526-SXDJP,0,1,0,72,0,0,1,1,1,0,0,0,0,42.1,2962.0,0,True,False,False,False,True,False,False,False
0557-ASKVU,0,1,1,18,1,0,0,0,1,1,0,0,1,54.4,957.1,0,False,False,False,True,False,True,False,False
5698-BQJOH,0,0,0,9,1,1,0,0,0,0,1,1,0,94.4,857.25,1,False,True,False,False,False,False,True,False
5122-CYFXA,0,0,0,3,1,0,0,1,0,1,1,1,1,75.3,244.1,0,False,False,False,False,False,False,True,False
8627-ZYGSZ,0,1,0,47,1,1,0,1,0,0,0,0,1,78.9,3650.35,0,True,True,False,True,False,False,True,False
3410-YOQBQ,0,0,0,31,1,0,0,1,1,1,1,1,0,79.2,2497.2,0,False,False,False,False,True,False,False,True
3170-NMYVV,0,1,1,50,1,0,0,0,0,0,0,0,0,20.15,930.9,0,False,False,True,False,True,False,False,False
7410-OIEDU,0,0,0,10,1,0,1,0,1,0,0,0,1,79.85,887.35,0,True,True,False,False,False,False,False,True
2273-QCKXA,0,0,0,1,1,0,0,0,0,1,0,0,0,49.05,49.05,0,True,False,False,False,False,False,False,True
0731-EBJQB,0,1,1,52,1,0,0,0,0,0,0,0,1,20.4,1090.65,0,False,False,True,True,False,False,True,False
1891-QRQSA,1,1,1,64,1,1,1,0,1,1,1,1,1,111.6,7099.0,0,True,True,False,False,True,False,False,False
8028-PNXHQ,0,1,1,62,1,1,0,0,0,0,0,0,1,24.25,1424.6,0,True,False,True,False,True,False,False,False
5630-AHZIL,0,0,1,3,1,0,1,0,0,1,0,1,1,64.5,177.4,0,False,False,False,False,False,False,False,False
2673-CXQEU,1,0,0,56,1,1,1,1,1,0,1,1,0,110.5,6139.5,0,False,True,False,True,False,False,True,False
6416-JNVRK,0,0,0,46,1,0,0,0,0,0,0,1,0,55.65,2688.85,0,False,False,False,True,False,True,False,False
5590-ZSKRV,0,1,1,8,1,0,1,1,0,0,0,0,0,54.65,482.25,0,False,False,False,False,False,False,False,True
0191-ZHSKZ,1,0,0,30,1,0,1,1,0,0,1,1,1,74.75,2111.3,0,True,False,False,False,False,False,True,False
3887-PBQAO,0,1,1,45,1,1,0,0,0,0,0,0,1,25.9,1216.6,0,False,False,True,True,False,True,False,False
5919-TMRGD,0,0,1,1,1,0,0,0,0,0,1,0,1,79.35,79.35,1,False,True,False,False,False,False,True,False
8108-UXRQN,0,1,1,11,0,0,1,0,0,0,1,1,0,50.55,565.35,0,False,False,False,False,False,False,True,False
9191-MYQKX,0,1,0,7,1,0,0,0,1,0,0,0,1,75.15,496.9,1,False,True,False,False,False,False,False,False
9919-YLNNG,0,0,0,42,1,0,0,1,1,1,1,1,1,103.8,4327.5,0,False,True,False,False,False,False,False,False
0318-ZOPWS,0,1,0,49,1,0,0,0,0,0,0,0,1,20.15,973.35,0,False,False,True,False,True,False,False,False
4445-ZJNMU,0,0,0,9,1,1,0,1,0,0,1,1,1,99.3,918.75,0,True,True,False,False,False,True,False,False
4808-YNLEU,0,1,0,35,1,0,1,0,0,0,1,0,1,62.15,2215.45,0,False,False,False,True,False,False,False,False
1862-QRWPE,0,1,1,48,1,0,0,0,0,0,0,0,0,20.65,1057.0,0,False,False,True,False,True,False,False,False
2796-NNUFI,0,1,1,46,1,0,0,0,0,0,0,0,1,19.95,927.1,0,False,False,True,False,True,False,False,True
3016-KSVCP,0,1,0,29,0,0,0,0,0,0,1,0,0,33.75,1009.25,0,True,False,False,False,False,False,False,True
4767-HZZHQ,0,1,1,30,1,0,0,1,1,0,0,0,0,82.05,2570.2,0,True,True,False,False,False,False,False,False
2424-WVHPL,1,0,0,1,1,0,0,0,0,1,0,0,0,74.7,74.7,0,True,True,False,False,False,False,True,False
7233-PAHHL,0,1,1,66,1,1,1,0,1,1,1,1,1,84.0,5714.25,0,True,False,False,False,True,False,False,True
6067-NGCEU,0,0,0,65,1,1,1,1,1,0,1,1,1,111.05,7107.0,0,False,True,False,False,False,True,False,False
9848-JQJTX,0,0,0,72,1,1,0,1,1,0,1,1,1,100.9,7459.05,0,True,True,False,False,True,False,False,False
8637-XJIVR,0,0,0,12,1,1,1,0,0,0,0,0,1,78.95,927.35,1,False,True,False,False,False,False,True,False
9803-FTJCG,0,1,1,71,1,1,1,1,0,1,0,0,1,66.85,4748.7,0,True,False,False,True,False,True,False,False
0278-YXOOG,0,0,0,5,1,0,0,0,0,0,0,0,0,21.05,113.85,1,True,False,True,False,False,False,False,True
3212-KXOCR,0,0,0,52,1,0,0,0,0,0,0,0,0,21.0,1107.2,0,True,False,True,False,True,False,False,False
4598-XLKNJ,1,1,0,25,1,0,0,1,1,0,1,1,1,98.5,2514.5,1,False,True,False,False,False,False,True,False
6380-ARCEH,0,0,0,1,1,0,0,0,0,0,0,0,0,20.2,20.2,0,True,False,True,False,False,False,False,True
3679-XASPY,0,1,1,1,1,0,0,0,0,0,0,0,0,19.45,19.45,0,False,False,True,False,False,False,True,False
7123-WQUHX,0,0,0,38,1,1,0,0,1,1,1,0,0,95.0,3605.6,0,True,True,False,True,False,False,False,False
5386-THSLQ,1,1,0,66,0,0,0,1,1,0,1,0,0,45.55,3027.25,0,False,False,False,True,False,False,False,False
3192-NQECA,0,1,0,68,1,1,0,1,1,1,1,1,1,110.0,7611.85,1,True,True,False,False,True,False,False,False
6180-YBIQI,0,0,0,5,0,0,0,0,0,0,0,0,0,24.3,100.2,0,True,False,False,False,False,False,False,True
6728-DKUCO,0,1,1,72,1,1,1,1,0,0,1,1,1,104.15,7303.05,0,False,True,False,True,False,False,True,False
9750-BOOHV,0,0,0,32,0,0,1,0,0,0,0,0,0,30.15,927.65,0,False,False,False,True,False,False,False,True
8597-CWYHH,0,0,0,43,1,1,0,0,0,0,1,1,0,94.35,3921.3,0,True,True,False,True,False,False,False,True
2848-YXSMW,0,1,1,72,1,0,0,0,0,0,0,0,0,19.4,1363.25,0,True,False,True,False,True,True,False,False
0486-HECZI,0,1,0,55,1,1,1,1,0,0,1,0,1,96.75,5238.9,1,True,True,False,False,False,False,True,False
4549-ZDQYY,0,0,0,52,1,0,1,0,1,1,0,0,0,57.95,3042.25,0,False,False,False,True,False,True,False,False
5712-AHQNN,0,0,0,43,1,0,0,1,1,0,1,0,1,91.65,3954.1,0,False,True,False,False,False,False,True,False
4846-WHAFZ,1,1,0,37,1,1,0,0,0,0,0,0,1,76.5,2868.15,1,False,True,False,False,False,False,True,False
5256-SKJGO,0,1,1,64,0,0,0,1,0,1,1,1,1,54.6,3423.5,0,False,False,False,False,True,False,True,False
3071-VBYPO,0,1,1,3,1,0,1,1,0,0,1,0,0,89.85,248.4,0,True,True,False,False,False,False,True,False
9560-BBZXK,0,0,0,36,0,0,1,0,0,0,0,0,0,31.05,1126.35,0,False,False,False,False,True,False,False,False
5299-RULOA,0,1,1,10,1,1,1,0,0,0,1,1,1,100.25,1064.65,1,False,True,False,False,False,False,True,False
8402-OOOHJ,0,0,0,41,1,0,0,0,0,0,0,0,0,20.65,835.15,0,False,False,True,False,True,False,False,True
9445-ZUEQE,0,1,1,27,1,1,0,1,0,1,0,0,1,85.2,2151.6,0,True,True,False,False,False,True,False,False
1091-SOZGA,0,1,1,56,1,1,0,0,1,0,1,1,1,99.8,5515.45,0,False,True,False,True,False,True,False,False
2928-HLDBA,0,0,0,6,1,0,0,0,0,0,0,0,0,20.7,112.75,0,False,False,True,False,False,False,False,True
0404-SWRVG,0,0,0,3,1,1,0,0,0,0,0,0,1,74.4,229.55,1,True,True,False,False,False,False,True,False
6497-TILVL,0,1,1,7,1,0,1,0,0,0,0,0,0,50.7,350.35,0,False,False,False,False,False,False,False,True
7219-TLZHO,0,1,1,4,1,0,0,0,0,0,0,0,0,20.85,62.9,0,False,False,True,False,False,False,False,True
4622-YNKIJ,0,0,0,33,1,0,1,0,0,1,1,0,1,88.95,3027.65,0,True,True,False,False,True,False,True,False
4412-YLTKF,1,0,0,27,1,1,0,0,1,0,0,0,1,78.05,2135.5,1,False,True,False,False,False,False,True,False
6734-PSBAW,0,1,0,72,1,1,0,0,0,0,0,0,1,23.55,1723.95,0,True,False,True,False,True,False,False,False
3930-ZGWVE,0,0,0,1,1,0,0,0,0,0,0,0,0,19.75,19.75,0,True,False,True,False,False,False,False,True
2639-UGMAZ,1,0,0,71,0,0,1,1,0,0,1,1,1,56.45,3985.35,0,True,False,False,True,False,False,True,False
2876-GZYZC,0,0,0,13,1,1,0,0,0,0,0,1,1,85.95,1215.65,0,False,True,False,False,False,False,True,False
6207-WIOLX,0,1,1,25,0,0,1,1,1,0,1,1,1,58.6,1502.65,1,False,False,False,False,False,True,False,False
8587-XYZSF,0,0,0,67,1,0,0,0,0,1,0,0,0,50.55,3260.1,0,True,False,False,False,True,False,False,False
3091-FYHKI,0,0,0,1,0,0,0,0,0,0,0,1,1,35.45,35.45,1,True,False,False,False,False,False,True,False
2372-HWUHI,0,0,0,2,1,0,0,0,0,0,0,0,0,44.35,81.25,1,True,False,False,False,False,False,True,False
7799-LGRDP,0,0,0,43,1,1,0,0,0,0,0,0,1,25.7,1188.2,0,False,False,True,False,True,True,False,False
7850-VWJUU,0,0,0,23,1,0,1,0,0,0,0,0,1,75.0,1778.5,0,False,True,False,False,False,False,False,False
3774-VBNXY,0,1,1,64,1,0,0,0,0,0,0,0,0,20.2,1277.75,0,False,False,True,False,True,False,False,True
6217-KDYWC,0,0,1,57,1,0,0,0,0,0,0,0,1,19.6,1170.55,0,True,False,True,False,True,False,False,True
0390-DCFDQ,1,1,0,1,1,0,0,0,0,0,0,0,1,70.45,70.45,1,False,True,False,False,False,False,False,True
3146-MSEGF,1,1,1,72,1,1,1,1,1,1,1,1,1,88.05,6425.65,0,False,False,False,False,True,True,False,False
4080-OGPJL,0,0,0,8,1,1,1,0,0,1,0,1,0,71.15,563.65,1,False,False,False,False,False,False,True,False
1095-WGNGG,0,1,0,61,1,1,0,1,0,0,1,1,1,101.05,5971.25,0,False,True,False,False,True,False,False,False
2636-SJDOU,0,0,0,64,1,1,1,1,0,0,0,0,1,84.3,5289.05,0,True,True,False,True,False,True,False,False
1131-QQZEB,1,1,0,71,1,1,0,0,0,0,0,0,0,23.95,1756.2,0,True,False,True,False,True,False,False,False
5716-EZXZN,0,1,1,65,1,1,1,1,0,1,1,0,1,99.05,6416.7,0,False,True,False,False,True,True,False,False
6837-BJYDQ,0,0,0,3,1,0,0,0,0,0,0,0,0,19.6,61.35,0,True,False,True,True,False,False,False,True
2135-RXIHG,0,0,0,1,1,0,0,0,0,0,0,0,1,45.65,45.65,1,True,False,False,False,False,False,True,False
6440-DKQGE,0,0,1,30,1,0,0,1,1,0,1,0,0,64.5,1929.95,0,True,False,False,True,False,True,False,False
3466-BYAVD,0,1,1,15,1,0,0,1,1,1,0,1,1,69.5,1071.4,0,True,False,False,False,False,False,False,True
3780-YVMFA,0,1,1,8,1,0,0,0,0,1,1,1,1,68.55,564.35,0,False,False,False,False,False,False,True,False
3874-EQOEP,0,0,0,7,1,1,0,0,0,0,1,1,0,95.0,655.5,1,True,True,False,False,False,False,False,True
1679-JRFBR,0,1,1,70,1,1,1,1,1,0,1,1,1,108.15,7930.55,0,False,True,False,True,False,True,False,False
9073-ZZIAY,0,1,1,62,1,0,1,1,1,1,1,1,0,86.1,5215.25,0,True,False,False,False,True,False,True,False
3077-RSNTJ,0,1,1,6,1,0,0,0,0,0,0,0,0,19.7,113.5,0,False,False,True,False,False,False,False,True
6551-GNYDG,0,1,1,14,1,0,0,0,0,0,0,1,1,80.9,1152.8,0,False,True,False,False,False,False,False,False
9167-APMXZ,0,0,0,22,1,1,0,0,0,0,1,0,1,84.15,1821.95,0,False,True,False,False,False,False,False,False
2749-CTKAJ,0,1,1,22,1,0,0,0,0,0,0,0,0,20.15,419.9,0,True,False,True,True,False,False,False,True
6371-NZYEG,0,1,1,16,1,0,1,0,1,0,1,0,0,64.25,1024.0,0,True,False,False,False,True,False,False,True
7554-NEWDD,0,0,0,10,1,1,0,0,0,0,0,0,0,25.7,251.6,0,True,False,True,False,True,False,False,False
8992-VONJD,0,0,1,13,1,0,1,1,0,0,0,0,1,56.0,764.55,0,False,False,False,False,False,False,True,False
0867-MKZVY,0,1,0,20,1,1,1,0,0,0,0,0,0,82.4,1592.35,1,False,True,False,False,False,False,True,False
4482-EWFMI,0,0,0,2,1,0,0,0,0,0,0,0,1,69.7,135.2,0,False,True,False,False,False,False,True,False
4648-YPBTM,0,0,0,53,1,1,0,1,1,1,0,1,1,73.9,3958.25,0,True,False,False,False,True,False,False,False
2907-ILJBN,0,1,1,11,1,0,0,0,0,0,0,0,0,20.6,233.9,0,False,False,True,True,False,False,False,True
6345-FZOQH,0,1,0,69,1,0,0,0,0,0,0,0,0,19.9,1363.45,0,True,False,True,False,True,False,False,True
3376-BMGFE,0,0,0,4,1,0,0,0,0,0,0,0,1,70.9,273.0,1,False,True,False,False,False,False,False,False
5997-OPVFA,0,1,0,72,1,1,1,1,1,1,1,1,1,89.05,6254.45,0,True,False,False,False,True,False,False,False
3445-HXXGF,1,1,0,58,0,0,0,1,1,0,0,1,1,45.3,2651.2,1,True,False,False,False,False,False,True,False
1159-WFSGR,0,1,1,16,1,0,0,0,0,0,0,0,0,20.4,321.4,0,False,False,True,False,False,False,True,False
7654-YWJUF,0,1,0,43,1,0,1,0,1,1,0,0,1,84.25,3539.25,0,True,True,False,True,False,False,False,False
1875-QIVME,0,1,0,2,1,1,0,0,1,1,1,1,1,104.4,242.8,1,False,True,False,False,False,False,True,False
6727-IOTLZ,0,1,0,14,1,0,0,1,1,1,1,1,0,81.95,1181.75,0,True,False,False,False,True,False,False,True
0691-JVSYA,0,1,0,53,1,0,0,0,1,0,1,1,1,94.85,5000.2,1,False,True,False,True,False,False,False,False
5918-VUKWP,0,0,0,32,1,0,0,0,0,0,0,0,0,20.55,654.55,0,False,False,True,True,False,False,False,False
6496-JDSSB,0,0,0,8,1,0,0,0,0,0,1,0,1,80.0,624.6,0,False,True,False,False,False,False,False,False
1744-JHKYS,0,1,0,34,1,1,0,0,0,0,0,0,0,24.7,780.2,0,False,False,True,False,False,False,True,False
2656-FMOKZ,1,0,0,15,1,1,0,0,0,0,0,0,1,74.45,1145.7,1,False,True,False,False,False,False,False,True
2070-FNEXE,1,0,0,7,1,0,1,0,0,0,0,0,0,76.45,503.6,1,False,True,False,False,False,False,False,False
5947-SGKCL,0,1,1,15,1,1,0,1,1,0,1,1,1,105.35,1559.25,0,False,True,False,False,False,False,False,False
3712-PKXZA,0,1,0,61,1,0,0,0,0,0,0,0,1,20.55,1252.0,0,True,False,True,True,False,True,False,False
6317-YPKDH,0,0,0,1,0,0,0,1,0,0,0,0,0,29.95,29.95,1,False,False,False,False,False,False,False,False
6582-OIVSP,0,0,0,1,1,0,0,0,0,0,0,0,0,45.3,45.3,0,False,False,False,False,False,False,False,True
9367-WXLCH,0,0,0,8,1,1,0,0,0,0,0,1,0,84.5,662.65,1,True,True,False,False,False,False,False,False
5524-KHNJP,0,1,1,33,1,0,1,0,1,0,1,1,0,74.75,2453.3,0,True,False,False,True,False,True,False,False
1918-ZBFQJ,0,0,0,13,1,0,0,1,1,0,0,0,1,79.25,1111.65,1,False,True,False,False,False,False,True,False
1024-GUALD,0,1,0,1,0,0,0,0,0,0,0,0,1,24.8,24.8,1,False,False,False,False,False,False,True,False
4827-USJHP,0,0,0,20,1,0,0,1,0,0,0,0,1,51.8,1023.85,0,True,False,False,False,False,False,False,True
8167-GJLRN,0,0,0,3,0,0,0,0,0,1,0,0,0,30.4,82.15,0,True,False,False,False,False,False,True,False
0956-SYCWG,0,0,0,13,1,0,0,0,0,0,0,0,0,19.65,244.8,0,False,False,True,True,False,False,True,False
8017-UVSZU,0,1,0,40,1,1,0,1,0,0,0,0,0,56.6,2379.1,0,False,False,False,False,False,True,False,False
7100-FQPRV,0,1,1,43,1,1,1,0,0,1,0,1,1,71.9,3173.35,0,True,False,False,True,False,True,False,False
2472-OVKUP,0,1,0,6,1,0,0,1,1,0,0,1,1,91.0,531.0,1,True,True,False,False,False,False,True,False
2984-RGEYA,0,1,1,69,1,0,0,0,0,0,0,0,0,19.75,1375.4,0,False,False,True,False,True,False,False,False
9680-NIAUV,0,1,1,72,1,1,1,1,1,0,1,1,0,109.7,8129.3,0,False,True,False,False,True,True,False,False
2146-EGVDT,0,1,1,59,1,0,0,0,0,0,0,0,0,19.3,1192.7,0,True,False,True,False,True,True,False,False
2604-IJPDU,0,1,0,20,1,0,1,1,0,1,1,0,1,96.55,1901.65,0,False,True,False,False,False,False,True,False
9178-JHUVJ,0,1,1,24,1,1,0,0,0,0,0,0,1,24.1,587.4,0,True,False,True,False,True,False,False,False
6168-YBYNP,0,0,0,59,1,1,0,1,1,1,1,1,1,111.35,6519.75,0,True,True,False,False,False,False,True,False
7255-SSFBC,0,1,1,72,1,1,0,1,1,1,1,1,1,112.25,8041.65,0,True,True,False,False,True,False,False,False
3645-DEYGF,0,0,1,1,1,0,0,0,0,0,0,0,0,20.75,20.75,0,True,False,True,False,False,False,False,True
9323-HGFWY,0,1,0,27,1,0,1,0,0,1,1,1,1,101.9,2681.15,0,False,True,False,True,False,True,False,False
8544-GOQSH,0,0,0,14,1,0,0,1,0,1,0,0,1,80.05,1112.3,0,False,True,False,False,False,True,False,False
3363-DTIVD,0,1,1,71,1,1,1,0,1,0,1,1,0,105.55,7405.5,0,True,True,False,False,True,False,True,False
7018-WBJNK,0,0,1,13,1,0,0,0,0,0,1,0,1,78.3,1033.95,0,True,True,False,False,False,True,False,False
9142-KZXOP,0,0,0,44,1,0,0,0,0,0,0,0,0,68.85,2958.95,0,True,True,False,False,False,True,False,False
7674-YTAFD,0,0,0,33,1,0,0,1,0,1,0,0,1,79.95,2684.85,0,False,True,False,True,False,False,False,False
6348-SNFUS,0,1,1,72,0,0,1,1,1,1,0,1,1,55.45,4179.2,0,True,False,False,False,True,True,False,False
1285-OKIPP,0,0,0,1,1,0,0,0,0,0,0,1,0,79.9,79.9,1,True,True,False,False,False,False,True,False
7825-ECJRF,0,0,0,19,1,0,1,0,1,1,1,1,1,106.6,1934.45,1,False,True,False,False,False,False,True,False
1347-KTTTA,0,1,0,64,1,0,0,1,1,1,1,1,1,102.45,6654.1,0,True,True,False,True,False,True,False,False
7841-TZDMQ,0,0,0,2,1,0,0,0,0,0,0,0,1,46.0,84.5,1,True,False,False,False,False,True,False,False
4195-NZGTA,0,0,0,1,0,0,0,0,0,0,0,0,0,25.25,25.25,0,False,False,False,False,False,False,True,False
7157-SMCFK,0,0,1,61,1,0,0,0,0,0,0,0,0,19.75,1124.2,0,True,False,True,False,True,False,False,True
4709-LKHYG,0,1,1,29,1,0,0,0,0,0,0,0,0,20.0,540.05,0,False,False,True,True,False,False,True,False
2504-DSHIH,1,1,0,23,1,1,0,0,0,0,0,1,0,86.8,1975.85,0,True,True,False,False,False,False,True,False
0699-NDKJM,0,1,0,57,0,0,1,1,1,0,1,1,1,58.75,3437.45,0,False,False,False,False,False,False,False,False
9286-BHDQG,0,1,1,72,0,0,1,1,1,1,0,0,0,45.25,3139.8,0,True,False,False,False,True,True,False,False
0230-WEQUW,0,1,0,66,0,0,1,1,1,1,1,0,1,56.6,3789.2,0,True,False,False,False,True,False,False,False
2040-LDIWQ,0,1,1,65,1,1,0,1,1,1,1,1,1,84.2,5324.5,0,True,False,False,False,True,False,False,False
9408-SSNVZ,0,0,0,4,1,0,0,0,0,0,0,0,1,70.15,268.35,1,False,True,False,False,False,False,True,False
4443-EMBNA,0,1,0,71,1,1,0,0,0,0,0,0,0,24.75,1836.9,0,False,False,True,False,True,False,False,False
6469-MRVET,0,1,1,1,1,0,0,0,0,0,0,0,1,20.2,20.2,0,True,False,True,True,False,False,True,False
0742-MOABM,0,1,0,4,1,0,0,0,0,1,0,0,0,50.05,179.35,1,True,False,False,False,False,False,False,True
5961-VUSRV,0,0,0,12,1,0,0,0,0,0,0,0,1,19.35,219.35,0,False,False,True,True,False,False,False,False
6778-JFCMK,0,0,0,24,0,0,1,0,0,0,1,1,1,50.6,1288.75,0,True,False,False,True,False,False,False,True
6341-JVQGF,0,1,1,31,1,0,1,0,1,1,1,1,1,81.15,2545.75,0,False,False,False,True,False,False,False,True
2232-DMLXU,0,1,0,1,1,0,0,0,0,0,1,0,0,55.2,55.2,1,False,False,False,False,False,False,False,True
4811-JBUVU,0,0,0,30,1,1,0,0,0,1,0,1,1,89.9,2723.15,0,True,True,False,False,False,True,False,False
0945-TSONX,0,1,1,47,1,1,1,1,0,1,1,1,1,85.3,4107.25,0,False,False,False,False,True,True,False,False
2651-ZCBXV,0,0,0,54,1,1,1,1,0,1,1,1,1,108.0,5760.65,0,True,True,False,False,True,True,False,False
3316-UWXUY,0,0,0,50,1,0,1,1,0,1,0,1,1,93.5,4747.5,0,True,True,False,False,False,True,False,False
8937-RDTHP,0,0,0,1,1,0,1,0,0,0,0,1,1,84.6,84.6,1,True,True,False,False,False,False,False,True
7083-MIOPC,0,0,0,72,1,0,0,0,0,0,0,0,0,20.25,1566.9,0,False,False,True,False,True,True,False,False
1984-GPTEH,0,0,0,29,1,1,0,0,0,0,0,0,0,25.15,702.0,0,False,False,True,False,False,False,True,False
1251-KRREG,0,0,0,2,1,1,0,1,0,0,0,0,1,54.4,114.1,1,True,False,False,False,False,False,False,True
0621-JFHOL,0,0,0,10,0,0,0,0,0,1,0,0,1,29.6,299.05,0,False,False,False,False,True,False,False,True
9903-LYSAB,0,1,0,18,1,1,0,0,0,0,0,0,1,73.15,1305.95,0,True,True,False,False,False,False,True,False
0094-OIFMO,1,0,0,11,1,0,0,1,0,0,1,1,1,95.0,1120.3,1,False,True,False,False,False,False,True,False
9227-UAQFT,0,0,0,16,1,0,0,0,0,0,0,0,0,19.75,284.35,0,True,False,True,False,True,False,False,True
7301-ABVAD,0,0,0,72,1,1,0,1,1,1,1,1,0,86.6,6350.5,0,False,False,False,False,True,False,False,False
6614-FHDBO,0,0,0,72,1,1,0,1,1,1,1,1,0,109.2,7878.3,0,True,True,False,False,True,False,False,False
7576-ASEJU,0,1,1,41,1,0,1,0,0,1,1,1,1,74.7,3187.65,0,False,False,False,True,False,True,False,False
9058-HRZSV,1,1,0,65,1,0,1,1,1,0,0,1,0,94.4,6126.15,0,False,True,False,False,False,False,True,False
4522-AKYLR,1,0,0,13,1,0,0,1,1,0,0,0,1,54.8,731.3,0,False,False,False,False,False,False,True,False
0221-WMXNQ,1,0,0,4,1,0,1,0,0,0,0,0,0,75.35,273.4,0,True,True,False,False,False,False,True,False
0303-UNCIP,0,0,0,41,1,1,0,0,1,0,0,1,0,65.0,2531.8,0,True,False,False,True,False,False,False,True
9947-OTFQU,1,0,0,15,1,0,0,1,0,0,0,0,1,74.4,1074.3,1,True,True,False,False,False,False,True,False
0322-YINQP,0,0,0,1,1,0,1,0,0,0,0,0,1,48.55,48.55,1,True,False,False,False,False,False,False,True
0959-WHOKV,0,0,0,42,1,1,1,1,1,0,0,1,1,99.0,4298.45,0,True,True,False,True,False,False,True,False
4075-JFPGR,0,1,0,51,1,0,1,1,1,0,1,0,1,93.5,4619.55,0,False,True,False,True,False,False,True,False
4629-NRXKX,0,1,1,2,1,0,0,0,0,0,0,0,0,70.4,147.15,1,False,True,False,False,False,False,True,False
9514-JDSKI,1,1,0,1,0,0,0,1,0,0,1,0,0,40.2,40.2,1,True,False,False,False,False,False,True,False
3282-ZISZV,0,0,1,32,1,1,0,1,1,1,1,1,0,83.7,2633.3,0,True,False,False,True,False,True,False,False
3675-YDUPJ,0,0,0,10,1,0,0,0,0,0,0,0,1,19.85,193.05,0,True,False,True,False,False,False,False,True
4111-BNXIF,0,1,1,67,0,0,0,1,1,1,1,1,1,59.55,4103.9,0,False,False,False,False,True,False,True,False
7017-VFHAY,0,1,1,61,1,1,1,1,1,1,1,1,0,115.1,7008.15,0,False,True,False,False,True,True,False,False
6655-LHBYW,0,0,0,50,1,1,1,1,1,1,1,1,0,114.35,5791.1,0,True,True,False,True,False,True,False,False
4959-JOSRX,0,1,0,2,1,0,0,0,0,0,0,0,1,44.6,80.55,1,False,False,False,False,False,True,False,False
5046-NUHWD,1,1,0,29,0,0,1,0,1,0,0,1,1,45.0,1228.65,0,False,False,False,False,False,False,True,False
7273-TEFQD,1,0,0,3,0,0,0,0,1,0,0,1,1,41.15,132.2,1,True,False,False,False,False,False,True,False
3606-TWKGI,1,0,0,13,1,1,0,1,1,0,1,1,1,106.9,1364.3,1,True,True,False,False,False,False,True,False
7529-ZDFXI,1,1,0,57,1,1,0,1,0,0,0,1,1,89.85,4925.35,0,True,True,False,False,False,False,True,False
7605-BDWDC,0,0,0,31,0,0,1,1,0,1,0,1,1,49.85,1520.1,0,False,False,False,False,True,False,False,False
1950-KSVVJ,0,1,0,45,1,1,1,1,1,1,1,1,0,113.3,5032.25,0,False,True,False,True,False,False,False,True
0123-CRBRT,0,1,1,61,1,1,1,1,1,1,1,1,0,88.1,5526.75,0,False,False,False,False,True,False,False,True
6292-TOSSS,0,0,0,50,1,1,0,0,0,0,0,0,0,24.9,1195.25,0,True,False,True,False,True,False,False,False
3197-ARFOY,1,0,0,19,1,0,1,1,0,1,1,1,1,105.0,2007.25,0,False,True,False,False,False,False,False,True
6323-AYBRX,0,0,0,59,1,0,0,0,0,0,0,0,0,19.35,1099.6,1,True,False,True,False,True,False,False,True
7014-ZZXAW,0,1,0,71,1,1,0,0,0,0,0,0,1,24.25,1732.95,0,False,False,True,False,True,True,False,False
4385-GZQXV,1,0,0,16,1,0,0,0,0,1,1,1,1,94.45,1511.2,1,False,True,False,False,False,False,True,False
7633-MVPUY,0,1,0,57,1,0,1,1,0,1,0,0,1,59.75,3450.15,0,True,False,False,False,True,False,True,False
6366-ZGQGL,0,0,0,1,0,0,0,0,0,0,0,0,0,24.8,24.8,1,True,False,False,False,False,False,False,False
4716-HHKQH,1,1,0,20,1,1,0,1,0,1,1,1,0,107.05,2172.05,0,True,True,False,False,False,False,True,False
5940-AHUHD,0,0,0,1,1,0,0,0,0,0,0,0,0,70.6,70.6,1,True,True,False,False,False,False,False,True
6432-TWQLB,0,1,0,5,1,1,0,1,0,1,0,0,1,85.4,401.1,1,True,True,False,False,False,False,True,False
4484-GLZOU,0,1,0,52,1,1,0,1,1,0,1,1,1,105.05,5624.85,1,False,True,False,False,False,False,True,False
3179-GBRWV,1,1,0,21,1,0,1,1,0,0,0,1,1,64.95,1339.8,0,True,False,False,False,False,False,False,False
8645-KWHJO,0,0,0,14,0,0,0,0,1,1,1,1,1,55.0,771.95,0,True,False,False,False,False,False,True,False
4130-MZLCC,0,0,0,5,1,0,0,1,0,0,0,0,0,50.55,244.75,0,False,False,False,False,False,False,False,False
0314-TKOSI,0,0,0,6,1,0,1,1,0,0,0,0,0,55.15,322.9,0,False,False,False,False,False,False,False,True
8229-MYEJZ,0,0,0,10,1,0,0,1,0,0,0,0,0,51.2,498.25,0,False,False,False,False,False,False,True,False
2080-SRCDE,0,0,1,1,1,1,0,0,0,0,0,0,0,25.4,25.4,0,False,False,True,False,False,False,False,True
9577-WJVCQ,0,0,0,68,1,1,1,0,0,0,0,0,0,54.45,3687.75,0,False,False,False,False,False,False,False,True
9512-UIBFX,0,1,1,18,1,0,0,0,1,0,1,1,0,95.15,1779.95,1,True,True,False,False,False,False,False,True
6202-DYYFX,0,0,0,22,1,1,0,0,0,0,0,0,1,76.0,1783.6,0,False,True,False,True,False,True,False,False
3808-HFKDE,0,0,0,20,1,0,0,0,0,0,0,0,1,44.35,927.15,0,False,False,False,False,False,False,True,False
5583-SXDAG,0,1,0,1,1,0,0,0,0,0,0,0,0,70.0,70.0,1,True,True,False,False,False,False,True,False
3488-PGMQJ,1,0,0,8,1,0,0,1,0,0,0,0,1,74.5,606.55,1,True,True,False,False,False,False,True,False
3580-REOAC,0,0,0,10,1,0,0,0,0,0,0,0,1,44.85,435.4,1,True,False,False,False,False,True,False,False
7534-BFESC,1,0,0,24,1,1,0,0,0,0,0,0,1,76.1,1712.7,1,True,True,False,False,False,False,True,False
3727-OWVYD,0,0,0,35,1,0,1,1,1,0,0,0,0,61.2,2021.2,0,True,False,False,True,False,False,False,True
2294-SALNE,0,1,1,23,1,0,0,1,1,1,0,0,0,86.8,1940.8,0,True,True,False,True,False,False,False,True
4847-TAJYI,1,0,0,6,1,0,0,0,0,0,1,1,1,89.35,567.8,0,False,True,False,False,False,False,True,False
1563-IWQEX,0,0,0,12,1,0,0,0,0,0,0,0,0,19.7,220.35,0,False,False,True,False,False,False,False,True
8203-XJZRC,0,0,0,1,1,0,0,0,0,0,0,0,0,20.25,20.25,0,True,False,True,False,False,False,False,True
6556-DBKZF,0,1,1,71,1,0,0,0,1,0,0,0,0,76.05,5436.45,0,False,True,False,False,True,False,True,False
6851-WEFYX,1,1,0,35,1,1,0,0,1,0,1,1,1,100.8,3437.5,0,True,True,False,False,False,False,True,False
2985-JUUBZ,0,1,1,40,1,1,0,0,1,0,1,1,1,74.55,3015.75,0,True,False,False,False,False,False,True,False
6390-DSAZX,0,0,1,1,1,0,1,0,0,0,0,0,1,73.6,73.6,1,False,True,False,False,False,False,False,True
0895-LMRSF,0,0,0,23,1,0,0,0,0,0,1,1,1,64.9,1509.8,0,True,False,False,True,False,False,False,False
8098-LLAZX,1,0,0,4,1,1,0,0,0,0,1,1,1,95.45,396.1,1,False,True,False,False,False,False,True,False
8266-VBFQL,0,0,0,4,1,0,0,0,1,1,0,1,1,90.4,356.65,0,True,True,False,False,False,False,True,False
8181-YHCMF,0,1,1,68,0,0,0,1,1,1,1,1,0,60.3,4109.0,0,False,False,False,False,True,True,False,False
2240-HSJQD,0,0,1,38,1,1,0,1,0,0,0,0,1,81.85,3141.7,0,True,True,False,False,False,False,False,True
1248-DYXUB,0,1,1,52,1,1,0,0,0,0,0,0,0,24.8,1229.1,0,True,False,True,False,True,False,False,True
0265-EDXBD,1,1,0,32,1,1,0,0,0,0,0,0,1,74.9,2303.35,1,True,True,False,False,False,False,True,False
4115-BNPJY,0,1,1,29,1,0,0,0,1,1,1,1,0,75.55,2054.4,0,True,False,False,False,True,False,False,True
3167-SNQPL,1,1,1,38,1,1,0,1,0,0,1,1,0,101.15,3741.85,0,True,True,False,False,False,False,True,False
4091-TVOCN,0,0,1,48,1,1,1,0,1,0,1,1,1,78.75,3682.45,0,True,False,False,True,False,True,False,False
1098-TDVUQ,0,0,0,1,1,0,0,0,0,0,0,0,1,19.25,19.25,0,False,False,True,False,False,False,False,False
8984-EYLLL,0,1,0,64,1,1,0,1,0,1,1,1,1,105.25,6823.4,0,True,True,False,False,True,False,True,False
7277-OZCGZ,0,0,0,22,1,0,1,0,0,1,0,1,1,89.05,1886.25,0,False,True,False,False,False,False,True,False
1557-EMYVT,0,0,0,43,1,1,1,1,1,1,1,1,0,115.05,4895.1,0,False,True,False,False,True,True,False,False
2799-ARNLO,1,1,0,5,1,0,0,0,0,0,0,0,1,69.35,341.6,0,False,True,False,False,False,False,True,False
7563-BIUPC,0,0,0,5,1,0,0,0,0,0,1,0,1,80.6,415.55,1,True,True,False,False,False,False,True,False
5027-YOCXN,0,1,1,51,1,1,1,1,0,1,1,1,0,110.05,5686.4,0,True,True,False,True,False,True,False,False
3973-SKMLN,0,0,0,71,1,0,0,0,0,0,0,0,1,19.9,1355.1,0,True,False,True,False,True,True,False,False
2321-OMBXY,0,1,1,38,1,0,1,1,0,1,1,1,0,80.3,3058.65,1,False,False,False,True,False,True,False,False
2840-XANRC,1,1,0,24,1,0,0,0,1,0,1,1,1,93.15,2231.05,1,True,True,False,False,False,False,True,False
6745-JEFZB,0,1,0,35,1,1,0,0,0,1,1,0,1,91.5,3236.35,0,True,True,False,False,False,True,False,False
5020-ZSTTY,1,0,0,54,1,1,1,1,0,1,1,1,0,82.45,4350.1,1,False,False,False,True,False,False,False,False
9880-TDQAC,0,1,1,72,0,0,0,1,1,1,1,1,1,60.0,4264.0,0,False,False,False,False,True,False,True,False
8705-WZCYL,0,0,0,1,1,0,0,0,0,0,0,0,1,44.8,44.8,0,True,False,False,False,False,False,True,False
7102-JJVTX,0,1,1,9,1,0,1,0,0,0,0,0,0,48.6,422.3,0,False,False,False,True,False,False,False,True
8626-PTQGE,0,0,0,69,0,0,1,1,0,1,1,1,1,60.05,4176.7,0,True,False,False,False,True,False,False,False
4983-CLMLV,0,1,0,52,1,1,0,1,0,1,1,1,1,102.7,5138.1,0,False,True,False,False,False,True,False,False
5701-YVSVF,1,1,0,11,1,0,0,0,0,1,1,0,1,82.9,880.05,0,False,True,False,False,False,False,True,False
5804-LEPIM,1,0,0,2,1,0,0,0,0,0,0,0,1,70.35,139.05,1,False,True,False,False,False,False,True,False
5697-GOMBF,1,1,1,28,0,0,0,0,0,0,1,0,1,35.9,973.65,0,False,False,False,False,False,False,True,False
2739-CACDQ,1,0,0,17,1,1,0,0,1,0,0,0,1,82.65,1470.05,0,False,True,False,False,False,True,False,False
9385-EHGDO,0,1,1,35,1,0,0,0,0,0,0,0,1,19.85,739.35,0,False,False,True,False,True,False,False,True
9498-FIMXL,0,0,0,8,1,0,0,0,0,0,0,0,1,19.2,161.95,0,False,False,True,True,False,False,False,True
2379-GYFLQ,0,0,0,46,1,1,0,1,1,0,1,0,1,94.9,4422.95,0,True,True,False,True,False,True,False,False
0122-OAHPZ,0,0,0,7,1,1,0,0,0,0,0,0,1,73.85,511.25,1,False,True,False,False,False,False,True,False
2868-SNELZ,0,0,0,2,1,1,0,0,1,0,0,0,0,80.6,155.8,1,False,True,False,False,False,False,False,True
4322-RCYMT,0,1,1,68,1,1,0,1,1,1,0,1,1,75.8,5293.95,1,True,False,False,True,False,False,False,False
6680-NENYN,0,0,0,43,1,1,0,1,1,0,1,1,1,104.6,4759.85,1,False,True,False,False,True,False,True,False
2088-IEBAU,0,0,0,68,1,1,1,1,1,1,1,1,1,88.15,6148.45,0,False,False,False,False,True,False,True,False
7982-VCELR,0,0,0,36,1,0,0,1,0,0,1,1,1,94.8,3565.65,0,False,True,False,False,False,True,False,False
1343-EHPYB,0,1,0,63,1,1,0,1,1,0,1,1,1,103.4,6603.0,1,True,True,False,False,False,False,True,False
6035-BXTTY,1,0,0,32,1,0,0,1,0,1,0,0,0,54.65,1830.1,0,False,False,False,False,False,False,False,False
6885-PKOAM,0,1,0,71,1,1,1,1,1,1,1,1,0,85.75,6223.8,0,False,False,False,False,True,True,False,False
7520-HQWJU,0,1,1,66,1,1,1,1,1,0,0,0,1,67.45,4508.65,0,False,False,False,False,False,False,False,False
9639-BUJXT,0,0,0,63,1,0,0,0,0,0,0,0,0,20.5,1328.15,0,True,False,True,True,False,False,False,True
5924-SNGKP,0,0,1,41,1,0,0,0,0,0,0,0,1,20.25,865.0,0,False,False,True,True,False,True,False,False
0021-IKXGC,1,0,0,1,1,1,0,0,0,0,0,0,1,72.1,72.1,0,False,True,False,False,False,False,True,False
2034-GDRCN,0,0,0,2,1,0,0,0,0,0,1,1,1,90.4,168.2,1,False,True,False,False,False,False,True,False
8966-SNIZF,0,1,0,70,1,0,0,0,0,0,0,0,0,19.45,1303.5,0,False,False,True,False,True,False,False,False
6243-OZGFH,0,0,0,23,0,0,0,0,0,0,1,1,1,44.95,996.85,0,False,False,False,False,False,False,True,False
4654-DLAMQ,1,1,0,64,1,0,1,1,1,0,0,1,0,97.0,6430.9,0,False,True,False,True,False,False,False,False
0513-RBGPE,0,1,1,37,1,1,1,0,1,1,0,0,1,62.8,2278.75,0,True,False,False,False,True,True,False,False
5160-UXJED,0,0,1,17,1,0,0,0,0,0,0,0,0,44.6,681.4,0,True,False,False,True,False,False,False,True
4115-NZRKS,1,0,0,7,1,0,0,0,0,0,1,1,1,89.15,574.35,0,False,True,False,False,False,False,True,False
0219-YTZUE,0,1,1,4,1,1,0,1,1,0,0,0,1,84.8,371.9,1,True,True,False,False,False,False,False,False
0623-IIHUG,1,0,0,21,0,0,1,0,0,0,1,0,1,41.9,840.1,1,False,False,False,False,False,False,True,False
4572-DVCGN,0,0,0,10,1,0,0,0,0,0,0,1,1,80.25,846.0,1,False,True,False,False,False,False,False,False
3351-NGXYI,1,0,0,16,1,1,1,0,0,0,0,0,1,54.1,889.0,0,False,False,False,False,False,False,True,False
9057-MSWCO,1,1,0,27,0,0,1,0,0,0,0,0,0,30.75,805.1,1,True,False,False,False,False,True,False,False
9833-TGFHX,0,1,1,42,1,1,1,0,0,0,1,1,0,97.1,4016.75,0,True,True,False,True,False,False,True,False
9294-TDIPC,0,0,1,5,1,0,0,0,0,0,0,0,0,20.2,83.75,0,True,False,True,False,False,False,False,True
5229-DTFYB,0,0,0,41,1,0,0,1,0,1,1,1,1,98.8,3959.15,0,False,True,False,False,True,False,False,False
0104-PPXDV,0,1,0,58,1,0,0,0,1,0,0,0,0,50.3,2878.55,0,True,False,False,True,False,True,False,False
5176-LMJXE,0,0,0,47,1,0,0,0,0,0,0,0,1,20.55,945.7,0,False,False,True,False,True,False,False,True
3583-KRKMD,0,0,0,18,1,0,0,0,0,1,0,0,1,75.9,1373.05,0,True,True,False,False,False,False,False,False
1010-DIAUQ,0,0,0,5,1,0,0,0,1,0,1,1,0,96.5,492.55,1,True,True,False,False,False,False,False,False
9069-LGEUL,0,1,0,23,1,0,1,0,0,0,0,1,1,59.95,1406.0,0,True,False,False,False,False,False,False,False
7302-ZHMHP,0,0,0,1,1,0,0,0,0,0,0,0,0,19.15,19.15,0,False,False,True,False,False,False,False,True
9571-EDEBV,0,1,0,71,1,1,0,0,1,0,1,1,1,98.65,6962.85,0,True,True,False,True,False,True,False,False
3520-FJGCV,0,1,1,72,1,1,1,1,1,1,1,1,1,112.6,8126.65,0,True,True,False,False,True,True,False,False
6563-VRERX,0,1,1,33,1,0,0,0,0,0,0,0,0,20.6,690.25,0,True,False,True,True,False,False,False,True
0259-GBZSH,0,0,0,2,1,1,0,0,0,0,1,0,1,85.65,181.5,1,True,True,False,False,False,False,True,False
6122-EFVKN,0,0,1,24,0,0,1,0,0,1,0,0,0,35.75,830.8,0,True,False,False,False,True,False,False,True
2805-EDJPQ,0,1,1,56,1,1,0,1,1,1,0,1,1,99.75,5608.4,0,False,True,False,True,False,True,False,False
6862-CQUMB,0,0,0,37,1,0,0,1,0,0,1,1,1,96.1,3646.8,0,True,True,False,False,False,True,False,False
7156-MXBJE,0,0,0,43,1,1,0,1,1,1,1,1,0,85.1,3662.25,0,False,False,False,True,False,True,False,False
6158-HDPXZ,0,0,0,1,0,0,0,0,0,0,0,0,0,25.35,25.35,0,True,False,False,False,False,False,False,True
9601-BRXPO,0,1,0,25,1,1,0,0,1,1,1,1,1,104.95,2566.5,1,False,True,False,False,False,False,False,False
2863-IMQDR,0,0,0,61,1,1,1,1,1,1,1,1,0,89.65,5308.7,0,False,False,False,False,True,False,True,False
5686-CMAWK,0,0,0,17,1,1,0,0,1,1,0,0,0,86.75,1410.25,0,True,True,False,True,False,False,True,False
5651-CRHKQ,0,1,0,41,1,0,0,1,1,1,0,0,1,86.2,3339.05,0,False,True,False,True,False,False,False,False
6905-NIQIN,0,0,0,1,1,0,0,1,0,0,0,0,0,50.65,50.65,1,True,False,False,False,False,False,False,True
8204-YJCLA,1,1,1,72,0,0,1,1,1,1,1,1,1,64.8,4732.35,0,True,False,False,False,True,False,False,False
5167-ZFFMM,0,0,0,1,1,1,0,1,0,0,0,1,1,90.85,90.85,1,True,True,False,False,False,True,False,False
6583-SZVGP,0,0,0,48,1,1,0,1,1,0,1,1,1,108.1,5067.45,0,True,True,False,False,True,False,False,False
4895-TMWIR,1,1,0,11,1,0,0,0,0,0,0,0,0,19.95,214.75,1,True,False,True,False,False,False,False,True
0533-BNWKF,1,1,0,55,1,1,0,1,1,0,0,0,1,85.45,4874.7,1,False,True,False,False,False,False,True,False
1708-PBBOA,0,0,0,42,0,0,1,1,1,1,0,1,1,54.75,2348.45,0,False,False,False,True,False,False,True,False
8782-LKFPK,0,0,0,44,1,1,0,0,1,0,0,1,1,90.4,4063.0,0,True,True,False,False,False,False,False,True
5522-JBWMO,0,0,1,1,1,0,0,0,0,0,0,0,0,44.0,44.0,0,True,False,False,False,False,False,True,False
3597-MVHJT,0,0,0,27,1,1,0,0,0,0,1,1,1,95.6,2595.25,0,False,True,False,False,False,False,False,False
9774-NRNAU,1,1,0,27,1,1,0,1,1,1,1,1,1,84.8,2309.55,0,True,False,False,False,False,False,False,False
0224-RLWWD,1,0,0,2,1,0,0,0,0,0,0,0,1,44.3,89.3,0,False,False,False,False,False,False,True,False
9967-ATRFS,0,0,0,19,1,0,0,0,0,0,0,0,0,19.9,367.55,0,False,False,True,False,False,False,False,True
3951-NJCVI,1,1,0,42,1,1,0,0,0,0,1,1,1,95.05,3944.5,0,False,True,False,False,False,False,True,False
2977-CEBSX,0,0,0,66,1,1,1,1,1,1,1,1,1,90.05,5965.95,0,False,False,False,False,True,True,False,False
0177-PXBAT,1,1,0,33,1,1,1,0,1,1,1,1,1,109.9,3694.7,0,True,True,False,False,False,False,False,False
6599-CEBNN,0,0,0,34,1,0,0,1,0,0,0,0,1,73.95,2524.45,1,False,True,False,False,False,True,False,False
2519-ERQOJ,1,0,0,33,0,0,0,0,1,1,1,1,1,54.6,1803.7,0,True,False,False,False,False,False,True,False
5876-QMYLD,0,1,1,23,1,0,0,0,0,0,0,0,0,20.05,415.1,0,False,False,True,True,False,False,False,True
2277-AXSDC,0,0,0,32,1,0,0,0,0,0,0,0,0,19.75,624.15,0,False,False,True,True,False,False,False,False
9442-JTWDL,0,0,0,11,1,0,0,0,0,0,0,0,0,20.05,237.7,0,False,False,True,True,False,True,False,False
0979-PHULV,0,1,1,69,1,1,0,0,1,0,1,1,1,99.45,7007.6,1,True,True,False,False,False,True,False,False
3067-SVMTC,0,1,0,68,1,0,1,0,0,1,0,0,0,55.9,3848.8,0,False,False,False,True,False,False,False,False
5495-GPSRW,0,0,0,20,1,0,0,0,0,0,0,0,1,19.7,419.4,0,True,False,True,False,True,False,False,True
7606-BPHHN,0,0,0,72,1,0,0,0,0,0,0,0,1,19.8,1468.75,0,True,False,True,False,True,True,False,False
4742-DRORA,0,1,1,60,1,1,1,0,1,0,1,0,1,95.4,5812.0,0,True,True,False,True,False,False,False,False
0111-KLBQG,1,1,1,32,1,0,0,1,0,0,1,1,1,93.95,2861.45,0,True,True,False,False,False,False,False,True
4800-VHZKI,0,0,0,1,1,0,0,0,0,0,0,0,1,19.9,19.9,1,False,False,True,False,False,False,False,True
7989-CHGTL,0,0,0,1,1,0,0,0,0,0,0,0,1,19.6,19.6,1,True,False,True,False,False,False,False,True
0334-GDDSO,1,0,0,3,1,1,0,1,0,0,0,0,1,81.35,233.7,1,True,True,False,False,False,False,True,False
4163-NCJAK,0,1,0,46,1,1,0,0,0,0,0,0,1,24.45,1066.15,0,False,False,True,True,False,False,False,False
5233-AOZUF,0,1,0,29,1,1,0,0,0,0,0,0,1,74.95,2149.05,0,False,True,False,False,False,False,True,False
5973-EJGDP,0,0,0,51,1,1,0,1,1,1,0,0,1,87.35,4473.0,0,True,True,False,False,False,False,True,False
1996-DBMUS,1,1,0,48,1,0,0,0,0,0,0,0,1,70.65,3545.05,0,False,True,False,False,False,False,False,False
7916-VCCPB,0,1,1,16,1,0,0,1,0,0,0,0,0,73.25,1195.75,0,False,True,False,False,False,False,False,False
4686-GEFRM,0,1,0,70,1,1,0,1,1,1,0,1,1,98.7,6858.9,0,True,True,False,False,True,False,False,False
5249-QYHEX,0,1,1,40,1,1,0,0,0,0,0,0,1,24.8,1024.7,0,False,False,True,False,True,False,False,True
0578-SKVMF,0,1,1,22,1,0,0,1,0,0,0,1,0,83.3,1845.9,1,False,True,False,False,False,False,True,False
5564-NEMQO,1,0,0,1,1,0,0,0,1,0,0,0,1,75.3,75.3,1,False,True,False,False,False,False,False,False
2233-FAGXV,0,1,1,5,1,1,0,0,0,0,0,0,1,24.3,132.25,0,False,False,True,False,False,False,False,True
5605-IYGFG,0,0,0,7,1,0,0,0,0,0,0,0,1,69.85,515.45,0,False,True,False,False,False,False,False,False
7663-ZTEGJ,0,0,1,29,1,1,0,1,1,1,0,1,0,100.55,2830.45,0,True,True,False,True,False,True,False,False
3935-TBRZZ,0,1,1,44,1,1,0,0,0,0,0,0,0,25.7,1110.5,0,True,False,True,True,False,False,False,True
8111-BKVDS,0,0,0,10,0,0,1,1,1,0,0,0,0,40.7,449.3,0,False,False,False,False,False,False,False,False
2055-SIFSS,1,1,0,55,1,1,0,0,0,0,0,0,0,51.65,2838.55,0,False,False,False,False,False,False,False,False
2806-MLNTI,1,1,0,52,1,1,0,1,1,0,1,1,1,105.1,5376.4,0,True,True,False,True,False,False,False,False
8734-DKSTZ,0,1,1,10,1,1,0,0,0,0,0,1,0,85.95,858.6,0,False,True,False,False,False,False,True,False
4360-PNRQB,0,0,0,18,1,1,0,0,0,0,0,0,1,75.6,1395.05,0,True,True,False,False,False,False,False,False
6152-ONASV,0,1,0,68,1,1,1,0,0,1,0,0,0,58.25,3975.7,0,False,False,False,True,False,False,False,False
9063-ZGTUY,0,1,1,61,1,0,0,0,0,0,0,0,1,19.4,1182.55,1,False,False,True,False,False,False,False,True
7781-HVGMK,0,1,1,72,0,0,1,1,1,1,1,1,1,65.2,4784.45,0,False,False,False,False,True,True,False,False
2181-UAESM,0,0,0,2,1,0,1,0,1,0,0,0,0,53.45,119.5,0,True,False,False,False,False,False,True,False
2957-LOLHO,0,0,0,12,1,0,0,0,0,0,0,0,1,45.4,518.9,1,True,False,False,False,False,False,False,False
6048-NJXHX,0,1,0,41,1,0,0,0,0,0,0,0,1,19.75,899.45,0,True,False,True,False,True,False,True,False
2320-SLKMB,0,0,0,26,0,0,0,0,1,1,1,0,1,44.45,1183.8,0,False,False,False,False,False,True,False,False
4980-URKXC,0,1,0,36,1,0,0,0,0,0,0,0,0,20.85,720.05,0,True,False,True,True,False,False,False,False
4376-KFVRS,0,1,1,72,1,1,1,1,1,1,1,1,1,114.05,8468.2,0,True,True,False,False,True,True,False,False
5886-VLQVU,0,1,0,35,1,1,0,0,0,1,0,1,1,89.85,3161.2,0,True,True,False,False,False,False,False,False
3577-AMVUX,0,0,0,1,1,0,0,0,1,1,0,0,0,55.05,55.05,0,True,False,False,False,False,False,False,True
0771-WLCLA,0,1,1,16,1,1,1,0,1,1,1,1,1,112.95,1882.55,0,False,True,False,False,False,False,True,False
5628-RKIFK,1,0,0,49,1,1,1,0,0,0,1,1,0,101.55,5070.4,0,False,True,False,False,False,True,False,False
0206-TBWLC,0,1,0,54,1,1,1,1,1,1,1,1,1,114.65,6049.5,0,False,True,False,True,False,False,False,True
2937-FTHUR,0,0,1,18,1,1,1,0,0,0,0,1,0,64.8,1166.7,0,False,False,False,False,False,False,True,False
1910-FMXJM,0,1,0,36,1,0,0,0,0,0,0,1,0,80.4,2937.65,0,False,True,False,False,False,False,True,False
7752-XUSCI,0,0,0,60,1,1,0,1,1,0,1,1,1,105.9,6396.45,1,False,True,False,False,False,False,True,False
4110-PFEUZ,0,0,0,1,1,0,0,0,0,0,0,0,0,69.55,69.55,1,False,True,False,False,False,False,False,True
0732-OCQOC,0,1,1,52,1,1,0,0,0,0,0,0,1,25.05,1270.25,0,False,False,True,False,True,False,False,False
5168-MSWXT,0,1,1,8,1,0,0,0,1,0,1,1,1,94.75,759.55,0,True,True,False,False,False,False,True,False
1090-ESELR,0,1,1,72,1,0,1,1,0,1,1,1,0,105.5,7611.55,0,True,True,False,False,True,False,False,False
8592-PLTMQ,0,0,0,64,1,1,0,0,0,0,0,0,0,24.7,1642.75,0,False,False,True,True,False,False,False,True
5760-WRAHC,1,0,0,22,1,0,1,0,1,1,0,1,1,69.75,1545.4,0,False,False,False,False,False,False,False,True
8847-GEOOQ,0,1,0,60,0,0,0,1,1,1,1,1,1,60.2,3582.4,0,True,False,False,False,False,False,False,False
0256-LTHVJ,0,1,1,28,1,0,0,0,0,0,0,1,1,81.05,2227.1,1,False,True,False,False,False,False,True,False
4785-FCIFB,0,1,0,61,1,1,0,0,0,0,0,0,0,24.4,1417.9,0,False,False,True,False,True,False,False,True
8313-NDOIA,0,0,0,24,1,1,0,1,1,0,1,1,1,104.15,2494.65,0,False,True,False,False,False,False,True,False
5149-CUZUJ,0,1,1,28,1,0,0,1,1,1,1,0,0,92.9,2768.35,0,True,True,False,True,False,False,False,False
0942-KOWSM,0,1,1,30,1,0,0,1,1,1,1,1,0,80.8,2369.3,0,False,False,False,False,True,False,False,False
4237-CLSMM,0,1,0,2,1,0,0,0,0,0,0,0,0,20.0,38.0,0,True,False,True,False,False,False,False,True
1452-VOQCH,0,0,0,1,1,1,0,0,0,0,0,0,1,75.1,75.1,0,True,True,False,False,False,False,True,False
4719-UMSIY,0,0,1,6,1,0,0,0,0,0,0,0,0,19.65,100.9,0,True,False,True,False,False,False,False,True
6614-VBEGU,0,1,0,24,1,0,0,1,0,0,1,1,1,69.45,1614.05,0,False,False,False,False,False,False,False,False
0880-TKATG,0,1,1,4,1,1,0,0,1,0,1,1,0,101.15,385.9,1,True,True,False,False,False,False,True,False
3811-VBYBZ,0,0,0,7,1,1,0,1,0,0,1,1,1,99.8,673.25,1,True,True,False,False,False,False,True,False
1480-BKXGA,1,1,0,72,1,1,1,1,1,1,1,1,1,116.05,8404.9,0,True,True,False,False,True,False,False,False
2996-XAUVF,0,0,0,70,0,0,0,0,0,1,0,1,1,40.05,2799.75,0,True,False,False,False,True,False,False,True
9076-AXYIK,1,1,0,64,1,1,0,0,1,1,1,1,0,102.1,6538.45,0,True,True,False,False,True,False,True,False
5968-XQIVE,0,1,1,72,1,1,0,1,0,0,1,0,1,89.7,6588.95,0,True,True,False,True,False,False,True,False
8896-RAZCR,0,0,1,44,1,0,0,0,0,0,0,0,0,19.9,868.1,0,False,False,True,False,True,False,False,True
4640-UHDOS,0,1,1,13,1,0,0,0,0,0,0,1,0,55.95,734.35,1,False,False,False,False,False,False,True,False
4933-IKULF,1,0,0,17,1,0,0,0,0,0,0,0,0,20.65,330.6,0,False,False,True,True,False,False,False,True
3583-EKAPL,0,0,0,1,1,0,0,0,0,0,0,1,1,55.0,55.0,1,True,False,False,False,False,False,True,False
1304-BCCFO,0,1,0,9,1,0,0,0,1,0,1,1,1,70.05,564.4,0,True,False,False,False,False,False,False,True
4104-PVRPS,0,1,0,24,1,0,1,0,0,1,0,0,0,53.6,1315.35,0,True,False,False,False,False,False,False,True
9399-APLBT,0,1,1,1,1,0,0,1,0,0,0,0,1,74.7,74.7,1,False,True,False,False,False,False,True,False
2359-KMGLI,0,0,0,24,1,1,0,1,0,0,0,0,1,80.25,1861.5,1,True,True,False,False,False,False,True,False
3780-DDGSE,1,1,1,35,1,0,0,1,0,1,1,1,1,76.05,2747.2,0,True,False,False,False,False,False,True,False
4431-EDMIQ,0,1,1,7,1,0,1,1,1,1,1,0,1,75.7,554.05,0,False,False,False,False,False,False,True,False
0306-JAELE,0,0,0,5,1,0,0,0,0,1,1,1,1,96.1,453.4,1,True,True,False,False,False,False,True,False
6227-HWPWX,0,0,1,15,1,0,0,0,0,0,0,0,0,69.0,994.8,1,False,True,False,False,False,False,False,False
0486-LGCCH,0,1,1,11,1,0,0,0,0,0,0,0,0,19.65,225.75,0,True,False,True,False,True,False,False,True
0447-BEMNG,0,1,0,48,0,0,1,0,1,0,0,1,1,45.3,2145.0,1,False,False,False,False,False,False,False,False
4612-SSVHJ,1,0,0,20,1,0,0,0,0,0,0,1,1,81.45,1671.6,0,False,True,False,False,False,False,True,False
5168-MQQCA,0,1,0,72,1,1,0,1,1,1,1,1,1,108.5,8003.8,0,False,True,False,True,False,False,False,False
5949-XIKAE,0,1,1,8,1,0,0,1,0,0,1,0,1,83.55,680.05,1,False,True,False,False,False,False,True,False
7971-HLVXI,0,1,1,72,1,1,0,0,0,0,0,1,1,84.5,6130.85,0,True,True,False,False,True,True,False,False
9094-AZPHK,0,0,0,15,1,1,0,1,0,0,1,1,1,100.15,1415.0,0,False,True,False,False,False,False,True,False
3649-JPUGY,0,0,0,72,1,1,0,1,1,1,1,1,1,88.6,6201.95,0,True,False,False,False,True,False,False,False
8372-JUXUI,0,0,1,1,1,1,0,0,0,0,0,0,1,74.35,74.35,1,True,True,False,False,False,False,True,False
3552-CTCYF,0,1,1,63,1,1,0,1,1,0,1,1,1,104.8,6597.25,0,True,True,False,False,True,False,False,False
6778-YSNIH,0,0,0,2,1,0,0,1,0,0,1,0,1,59.0,114.15,0,False,False,False,False,False,False,True,False
0388-EOPEX,0,1,0,2,1,0,1,0,0,0,0,0,1,74.4,139.4,1,False,True,False,False,False,False,True,False
5756-OZRIO,1,1,0,61,1,1,0,1,0,0,0,1,0,64.05,3902.6,0,True,False,False,True,False,False,False,False
6579-JPICP,0,0,0,1,1,0,0,0,0,0,0,0,0,20.4,20.4,0,True,False,True,False,False,False,False,True
8205-OTCHB,0,0,0,22,0,0,0,1,1,0,0,1,1,43.75,903.6,1,True,False,False,True,False,False,False,False
4134-BSXLX,0,1,0,28,1,0,1,1,0,1,0,0,0,60.9,1785.65,0,True,False,False,False,False,False,False,True
0505-SPOOW,0,1,0,70,1,0,0,0,0,0,0,0,0,19.8,1397.65,0,False,False,True,False,True,False,False,False
6235-VDHOM,1,0,0,5,0,0,0,1,0,0,0,0,0,28.45,131.05,1,False,False,False,False,False,False,True,False
7783-YKGDV,0,0,0,12,1,1,1,1,1,0,0,1,1,99.7,1238.45,1,False,True,False,False,False,False,False,False
4374-YMUSQ,0,0,0,34,1,1,1,1,1,1,1,1,0,116.25,3899.05,0,True,True,False,True,False,True,False,False
4513-CXYIX,1,1,0,71,1,1,1,0,0,0,0,0,1,80.7,5676.0,0,False,True,False,False,True,True,False,False
3957-HHLMR,0,1,1,70,1,1,1,0,0,0,0,1,0,65.2,4543.15,0,False,False,False,True,False,False,False,False
7803-XOCCZ,0,1,1,52,1,0,1,0,1,1,0,0,1,84.05,4326.8,0,False,True,False,False,False,False,False,False
5736-YEJAX,0,0,1,69,1,1,1,1,1,1,1,0,1,79.45,5502.55,0,True,False,False,False,True,True,False,False
5609-CEBID,1,0,0,20,1,1,0,1,1,0,0,1,1,94.1,1782.4,1,False,True,False,False,False,False,True,False
8981-FJGLA,0,0,1,11,1,1,0,0,1,0,0,0,1,78.0,851.8,0,True,True,False,False,False,False,False,True
7218-HKQFK,0,1,0,2,1,0,0,0,0,1,1,1,1,94.2,167.5,1,True,True,False,False,False,False,True,False
4636-QRJKY,0,1,1,6,1,1,0,0,0,1,0,0,1,80.5,502.85,1,False,True,False,False,False,False,True,False
1135-LMECX,0,0,0,1,1,0,0,0,0,0,0,0,0,19.85,19.85,0,False,False,True,False,False,False,False,True
4332-MUOEZ,1,1,1,20,1,0,1,0,1,1,0,1,0,94.3,1818.3,0,True,True,False,True,False,True,False,False
8535-SFUTN,0,0,0,61,1,1,1,0,1,0,1,1,1,106.45,6300.15,0,True,True,False,False,False,False,True,False
5956-VKDTT,1,1,0,5,1,1,0,0,0,0,0,0,1,74.35,334.8,1,False,True,False,False,False,False,True,False
8677-HDZEE,0,0,0,56,1,1,0,1,0,1,1,1,1,105.45,5916.95,0,False,True,False,False,False,False,False,False
2475-MROZF,0,0,0,30,1,1,1,1,1,1,0,0,1,95.0,2852.4,0,True,True,False,False,False,True,False,False
9412-GHEEC,0,0,0,40,1,1,0,0,1,1,1,1,0,104.8,4131.95,1,True,True,False,False,False,False,False,False
3482-ABPKK,0,0,0,28,1,0,1,0,0,1,0,0,0,54.3,1546.3,0,False,False,False,True,False,False,False,True
6705-LXORM,1,1,0,5,1,0,0,0,0,0,0,0,0,70.05,302.6,0,False,True,False,False,False,False,True,False
0257-ZESQC,1,1,0,27,1,0,1,0,0,0,0,0,1,75.2,1929.35,1,False,True,False,False,False,False,False,False
7531-GQHME,0,0,0,12,1,0,0,0,0,0,0,0,0,20.05,265.45,0,True,False,True,False,False,True,False,False
5174-ITUMV,0,1,1,67,1,1,0,1,1,0,1,1,1,105.4,6989.45,0,True,True,False,True,False,False,True,False
4109-CYRBD,1,1,0,29,1,1,0,0,0,0,0,0,1,51.6,1442.0,0,True,False,False,False,False,False,True,False
0913-XWSCN,0,1,1,55,1,1,0,0,0,0,0,1,0,85.5,4713.4,0,True,True,False,False,False,False,False,False
6825-UYPFK,0,0,0,23,1,1,0,0,0,0,0,0,0,75.6,1758.6,1,False,True,False,False,False,False,False,False
8397-MVTAZ,0,1,0,34,1,1,0,0,1,0,1,1,1,100.05,3480.0,1,True,True,False,False,False,False,True,False
0750-EBAIU,0,0,0,52,1,0,1,0,1,0,1,0,0,91.25,4738.3,0,True,True,False,True,False,False,True,False
8606-CIQUL,1,1,1,72,1,1,1,1,1,1,1,1,1,115.75,8399.15,0,True,True,False,False,True,True,False,False
3571-DPYUH,0,1,1,58,1,1,0,1,0,1,1,0,1,94.7,5430.35,0,True,True,False,True,False,True,False,False
7601-GNDYK,0,1,1,35,1,0,0,0,0,0,0,0,0,19.6,686.95,0,True,False,True,False,True,False,False,True
0356-OBMAC,1,0,0,56,1,1,0,1,1,1,1,0,1,99.9,5706.3,0,False,True,False,False,True,False,False,False
8067-NIOYM,0,1,1,24,1,0,0,0,0,0,0,0,1,21.1,490.65,0,False,False,True,False,True,True,False,False
1403-GYAFU,0,1,1,70,1,0,0,0,0,0,0,0,0,20.05,1360.25,0,True,False,True,False,True,True,False,False
4234-XTNEA,0,0,0,2,1,0,0,0,0,0,1,0,1,79.95,174.45,0,True,True,False,False,False,False,True,False
1297-VQDRP,1,1,1,68,1,1,0,0,1,1,1,1,1,107.15,7379.8,0,True,True,False,True,False,True,False,False
9282-IZGQK,0,0,0,1,1,1,0,0,0,0,0,1,1,85.0,85.0,1,False,True,False,False,False,False,True,False
5348-CAGXB,0,0,0,12,1,1,0,0,1,0,1,0,1,89.55,1021.75,0,True,True,False,False,False,False,True,False
0621-HJWXJ,0,1,0,63,1,1,0,1,0,0,0,0,1,81.55,5029.05,0,False,True,False,False,False,False,False,False
5844-QVTAT,0,1,1,33,1,0,1,1,1,0,0,0,1,58.45,1955.4,0,False,False,False,True,False,False,False,True
8905-IAZPF,0,1,0,69,1,0,0,1,0,0,1,1,1,95.65,6744.2,0,False,True,False,True,False,True,False,False
5394-MEITZ,0,1,1,60,1,0,0,1,1,1,1,1,1,80.6,4946.7,0,False,False,False,False,True,False,False,False
6859-QNXIQ,0,1,1,72,1,1,1,1,1,1,1,1,1,113.1,8248.5,0,False,True,False,False,True,False,False,False
2782-LFZVW,0,0,0,11,1,1,0,0,0,0,0,1,1,58.95,601.6,0,False,False,False,False,False,False,False,True
2866-IKBTM,0,0,0,1,1,0,0,0,0,0,0,0,0,19.55,19.55,0,False,False,True,False,False,False,False,True
1342-JPNKI,0,0,0,10,1,1,0,0,0,0,1,0,1,86.05,834.1,1,True,True,False,False,False,False,False,False
2817-NTQDO,0,0,0,13,0,0,1,0,0,1,1,0,1,45.55,597.0,1,True,False,False,False,False,True,False,False
7129-AZJDE,0,1,1,34,1,0,0,0,0,0,0,1,1,78.95,2647.2,0,True,True,False,True,False,False,False,False
6986-IJDHX,0,1,1,39,1,0,0,1,0,0,1,0,1,86.3,3266.0,1,True,True,False,False,False,False,False,True
2560-PPCHE,0,0,0,65,1,1,0,1,0,1,1,1,1,105.05,6744.25,0,False,True,False,True,False,False,False,False
4676-MQUEA,1,1,0,50,1,1,1,1,1,0,1,0,1,101.9,5265.5,0,True,True,False,True,False,False,False,False
8138-EALND,0,0,0,15,1,0,0,0,0,0,0,0,0,19.75,311.6,0,True,False,True,False,False,False,False,True
3580-HYCSP,0,1,1,72,1,1,1,1,1,0,1,1,1,110.3,7966.9,0,True,True,False,False,True,False,False,False
1352-HNSAW,0,1,1,72,1,1,1,1,1,1,1,1,1,115.6,8220.4,0,False,True,False,False,True,False,False,False
2075-PUEPR,0,1,1,55,1,0,0,0,0,0,0,0,0,19.35,1153.25,0,True,False,True,False,True,False,False,False
1982-FEBTD,0,1,1,23,1,1,0,0,0,0,0,0,1,25.6,514.75,0,False,False,True,False,True,True,False,False
5301-GAUUY,0,0,0,32,1,1,0,1,0,0,0,0,1,80.35,2596.15,1,True,True,False,False,False,False,False,False
5791-KAJFD,0,1,1,56,1,1,1,0,1,0,0,1,1,68.75,3808.0,0,False,False,False,True,False,False,False,False
2654-VBVPB,0,0,0,1,1,0,0,0,0,0,0,0,0,19.9,19.9,0,False,False,True,False,False,False,False,False
1154-HYWWO,0,0,0,38,1,0,1,1,0,1,1,0,0,70.6,2708.2,0,True,False,False,True,False,False,False,True
2501-XWWTZ,0,0,0,11,1,0,0,0,0,0,0,0,0,70.2,760.05,0,True,True,False,False,False,False,True,False
3716-UVSPD,0,0,0,1,1,0,0,0,0,1,0,0,1,49.3,49.3,0,True,False,False,False,False,False,True,False
6815-ABQFQ,0,1,0,56,1,1,0,1,0,1,1,1,1,107.25,6033.3,0,True,True,False,True,False,False,True,False
7343-EOBEU,0,1,0,3,1,1,0,0,0,0,0,0,1,23.6,89.05,0,True,False,True,False,False,False,False,True
3701-SFMUH,0,1,1,7,1,0,1,0,0,0,1,1,0,69.7,516.15,0,True,False,False,False,False,True,False,False
6103-LIANB,0,1,1,59,1,1,0,0,1,0,1,1,1,99.5,5861.75,0,True,True,False,False,True,True,False,False
7319-VENRZ,0,0,0,7,1,0,0,0,1,1,1,0,0,64.3,445.95,0,True,False,False,False,False,False,False,False
5846-NEQVZ,0,1,1,71,1,0,1,0,1,1,0,1,1,70.85,4973.4,0,True,False,False,False,True,True,False,False
6967-QIQRV,0,1,1,15,1,0,1,0,0,1,1,1,0,101.9,1667.25,0,True,True,False,True,False,False,True,False
5781-RFZRP,0,1,0,71,1,1,1,1,0,1,1,0,0,73.5,5357.75,0,True,False,False,False,True,True,False,False
0939-YAPAF,0,0,0,35,1,1,0,0,1,0,1,1,1,100.25,3527.6,1,False,True,False,False,False,False,True,False
0308-IVGOK,0,0,0,11,0,0,0,1,1,1,0,0,1,40.4,422.6,0,False,False,False,True,False,True,False,False
7293-LSCDV,0,1,1,60,1,0,0,0,0,0,0,0,1,19.25,1103.25,0,False,False,True,False,True,True,False,False
7025-WCBNE,1,0,0,47,1,1,0,1,0,1,0,0,0,59.6,2754.0,0,True,False,False,False,True,False,False,False
5756-JYOJT,0,0,0,11,1,0,0,0,1,1,0,1,0,64.9,697.25,0,False,False,False,True,False,True,False,False
4710-FDUIZ,0,1,0,56,1,1,0,1,0,0,1,1,0,100.3,5614.45,1,True,True,False,True,False,True,False,False
6030-REHUX,1,1,0,28,1,1,0,1,1,1,1,1,1,110.85,3204.4,0,False,True,False,False,False,False,True,False
9548-LIGTA,0,1,0,61,1,0,1,1,0,1,1,1,1,81.05,4747.65,0,True,False,False,False,True,False,False,True
5150-LJNSR,0,1,1,31,1,1,1,0,1,0,1,0,0,98.05,3082.1,0,True,True,False,True,False,False,False,False
8270-RKSAP,0,0,0,9,1,0,0,0,0,0,0,0,1,70.5,597.9,0,True,True,False,False,False,False,True,False
6522-YRBXD,1,1,0,35,1,1,1,1,0,0,0,1,1,94.55,3365.4,0,True,True,False,False,False,False,True,False
2640-LYMOV,0,0,0,2,1,0,0,0,0,0,0,0,1,19.65,38.8,0,True,False,True,False,False,False,False,True
1218-VKFPE,0,1,1,12,1,0,0,0,0,0,0,0,0,19.0,233.55,1,False,False,True,False,False,False,False,True
3627-FHKBK,0,0,0,1,1,0,1,0,0,0,0,0,0,75.3,75.3,1,False,True,False,False,False,False,False,True
2865-TCHJW,1,0,0,4,1,1,0,0,1,0,1,0,1,89.2,346.2,1,False,True,False,False,False,False,True,False
1423-BMPBQ,0,1,1,1,1,0,0,0,0,0,0,0,1,19.0,19.0,0,False,False,True,False,False,False,False,True
2393-DIVAI,0,0,0,3,1,0,0,0,0,0,0,0,1,20.0,61.7,0,False,False,True,False,False,False,False,True
5192-EBGOV,1,0,0,1,1,1,0,0,0,0,1,0,1,85.7,85.7,1,False,True,False,False,False,False,True,False
4568-KNYWR,0,0,0,52,1,0,1,1,0,0,1,0,1,63.25,3342.45,0,True,False,False,False,True,True,False,False
8752-IMQOS,0,1,1,5,1,0,0,0,0,0,0,0,0,20.1,85.1,0,True,False,True,True,False,False,False,True
0742-LAFQK,0,1,0,72,1,1,1,1,1,0,0,1,1,99.15,7422.1,0,True,True,False,False,True,False,True,False
0795-LAFGP,0,1,1,71,1,1,1,1,1,1,1,1,0,90.4,6668.05,0,True,False,False,False,True,False,True,False
0619-OLYUR,0,1,0,72,1,1,1,0,1,1,1,1,1,111.9,8071.05,0,True,True,False,False,True,True,False,False
5512-IDZEI,0,1,1,46,1,1,0,0,0,0,0,0,0,24.9,1174.8,0,True,False,True,True,False,False,True,False
0459-SPZHJ,0,1,1,63,1,1,1,1,1,0,1,1,0,83.5,5435.0,0,True,False,False,False,True,True,False,False
0215-BQKGS,0,0,0,30,1,0,1,1,1,0,0,0,1,84.3,2438.6,0,True,True,False,False,False,True,False,False
9244-ZVAPM,0,0,0,1,1,0,0,0,0,0,0,0,0,45.6,45.6,0,True,False,False,False,False,False,False,True
0719-SYFRB,0,0,0,12,1,1,1,0,1,1,0,0,1,61.65,713.75,1,False,False,False,False,False,False,False,True
8208-EUMTE,0,0,0,16,0,0,1,1,1,1,1,0,0,54.85,916.15,0,True,False,False,False,True,False,False,True
5172-MIGPM,0,0,0,4,1,1,0,0,0,1,0,1,0,65.55,237.2,0,True,False,False,False,False,False,False,True
1710-RCXUS,0,1,0,51,1,1,0,1,0,0,0,1,1,90.35,4614.55,0,True,True,False,True,False,True,False,False
0374-FIUCA,0,1,0,65,1,0,0,0,0,0,0,0,1,20.4,1414.45,0,True,False,True,False,True,True,False,False
5839-SUYVZ,0,0,0,16,1,0,0,0,0,1,0,0,1,74.55,1170.5,0,True,True,False,False,False,True,False,False
5173-ZXXXL,0,0,0,2,1,0,0,0,0,0,0,0,0,19.95,47.7,0,True,False,True,True,False,False,False,True
1096-ADRUX,0,1,1,66,1,1,0,0,0,0,0,0,1,74.25,4859.25,0,False,True,False,True,False,False,False,False
2001-MCUUW,0,0,0,46,1,1,0,1,1,1,1,1,0,108.65,4903.2,0,True,True,False,False,True,False,True,False
2731-GJRDG,0,0,0,32,1,1,1,0,1,1,1,1,1,109.55,3608.0,0,False,True,False,True,False,False,False,False
4723-BEGSG,0,1,0,72,1,1,1,0,1,1,1,1,0,86.65,6094.25,0,True,False,False,False,True,True,False,False
6516-NKQBO,0,1,1,38,1,0,1,0,1,1,1,1,0,81.0,3084.9,0,True,False,False,False,True,True,False,False
8672-OAUPW,0,0,1,51,1,0,0,0,0,1,0,0,0,47.85,2356.75,0,True,False,False,True,False,True,False,False
8207-DMRVL,0,1,1,72,1,1,1,1,1,1,1,1,0,114.55,8306.05,0,True,True,False,False,True,False,False,False
3419-SNJJD,1,1,0,65,1,1,1,0,1,0,1,1,0,105.25,6786.4,1,False,True,False,False,False,False,False,False
6543-CPZMK,0,1,1,9,0,0,0,1,0,0,0,0,1,29.95,248.95,1,True,False,False,False,False,False,True,False
4765-OXPPD,0,1,1,9,1,0,1,1,1,1,0,0,0,65.0,663.05,1,False,False,False,False,False,False,False,True
2804-ETQDK,0,0,1,66,1,0,0,0,0,0,0,0,0,20.55,1357.1,0,True,False,True,False,True,False,False,True
6689-VRRTK,1,0,0,44,1,1,1,1,1,0,1,1,1,109.8,4860.35,0,False,True,False,True,False,True,False,False
7138-GIRSH,0,0,0,50,1,1,0,0,1,1,0,1,0,69.5,3418.2,0,True,False,False,False,True,False,False,False
9396-ZSFLL,0,0,0,15,1,1,0,0,0,0,0,0,0,48.85,631.4,0,False,False,False,False,False,False,False,True
6464-KEXXH,0,0,0,8,0,0,0,0,0,0,0,0,1,25.25,186.3,0,True,False,False,False,False,True,False,False
7134-MJPDY,1,0,0,66,1,1,0,0,1,1,1,1,1,102.85,6976.75,0,False,True,False,True,False,True,False,False
5240-CAOYT,0,0,0,57,1,1,1,1,0,1,0,0,1,87.55,4884.85,0,False,True,False,False,False,False,False,False
4059-IIEBK,0,0,0,7,1,1,0,1,0,0,0,0,1,78.55,522.95,0,False,True,False,False,False,False,False,False
4881-JVQOD,1,1,1,10,0,0,0,0,0,0,0,1,1,34.55,362.6,0,True,False,False,False,False,False,False,False
0516-UXRMT,0,0,0,62,1,1,1,1,1,0,0,0,1,92.05,5755.8,0,False,True,False,True,False,False,True,False
4851-BQDNX,0,1,1,40,1,0,0,0,1,0,1,0,1,85.05,3355.65,0,True,True,False,True,False,False,True,False
5148-HKFIR,0,0,0,20,1,0,0,0,0,0,0,0,0,19.7,406.95,0,False,False,True,False,True,False,False,True
1009-IRMNA,0,0,0,7,1,0,0,0,0,0,0,0,0,20.0,137.6,1,False,False,True,False,False,False,False,False
3003-CMDUU,0,1,0,25,1,0,0,0,0,1,1,1,1,95.15,2395.7,0,False,True,False,False,False,False,True,False
5016-IBERQ,0,1,0,23,1,1,0,1,1,0,0,0,0,84.25,1968.1,0,True,True,False,False,False,False,True,False
6797-UCJHZ,1,1,0,66,1,1,0,1,1,0,1,1,0,104.6,6819.45,0,False,True,False,True,False,True,False,False
2469-DTSGX,1,0,0,72,1,1,0,1,1,1,1,1,0,111.65,7943.45,0,False,True,False,False,True,False,True,False
4554-YGZIH,1,1,0,49,1,1,0,1,0,0,0,1,0,90.05,4547.25,1,True,True,False,False,False,True,False,False
5099-BAILX,1,1,1,43,1,1,0,1,1,1,1,1,1,110.75,4687.9,1,True,True,False,False,False,False,False,False
9931-KGHOA,0,1,0,46,1,1,1,0,0,0,0,0,0,55.0,2473.95,0,False,False,False,False,False,False,False,False
1775-KWJKQ,0,1,1,72,1,1,1,1,1,1,1,1,0,89.85,6562.9,0,True,False,False,False,True,True,False,False
7665-VIGUD,0,0,0,10,1,0,0,0,0,0,0,0,0,20.35,176.3,0,True,False,True,True,False,False,False,True
9411-TPQQV,0,0,0,40,0,0,1,0,0,1,1,1,1,54.55,2236.2,0,False,False,False,True,False,False,False,False
7207-RMRDB,0,1,1,65,1,1,0,1,1,0,1,1,1,105.5,6985.65,1,False,True,False,False,False,False,True,False
7954-MLBUN,0,0,0,31,1,0,0,0,1,1,1,1,0,99.45,3109.9,0,True,True,False,False,True,False,False,False
2077-DDHJK,0,1,0,68,1,1,1,1,1,1,0,0,0,70.9,4911.35,0,False,False,False,False,True,True,False,False
4913-EHYUI,1,1,1,56,1,1,1,0,1,0,1,1,1,104.55,5794.65,1,True,True,False,True,False,False,False,False
0195-IESCP,0,1,0,10,1,1,0,0,0,0,0,1,1,85.25,855.3,1,True,True,False,False,False,False,True,False
9574-BOSMD,0,1,1,68,1,1,0,0,0,0,0,0,0,25.4,1620.2,0,True,False,True,False,True,False,False,False
4580-TMHJU,0,1,1,43,1,0,0,0,0,0,1,0,0,56.15,2499.3,1,False,False,False,False,False,False,True,False
0970-ETWGE,0,0,0,1,1,0,0,0,0,0,1,1,1,89.55,89.55,1,True,True,False,False,False,False,True,False
4908-XAXAY,1,0,0,49,1,0,0,1,1,0,0,1,1,89.85,4287.2,0,False,True,False,True,False,False,False,False
8404-VLQFB,0,1,1,15,1,1,0,0,0,0,0,0,1,25.25,394.85,0,False,False,True,False,False,False,True,False
1626-ERCMM,1,1,0,20,1,1,0,0,0,0,1,1,1,94.55,1899.65,1,True,True,False,False,False,False,True,False
0887-HJGAR,0,0,0,1,1,0,0,0,0,0,0,0,1,45.7,45.7,1,True,False,False,False,False,False,False,True
2391-IPLOP,0,1,1,50,1,1,0,0,1,1,1,0,1,69.65,3442.15,0,True,False,False,True,False,False,True,False
5644-PDMZC,1,0,0,2,1,1,0,1,0,0,0,1,0,89.5,161.5,1,False,True,False,False,False,False,True,False
3509-GWQGF,1,0,0,24,1,0,0,0,0,0,0,0,0,70.0,1732.6,0,True,True,False,False,False,True,False,False
9576-ANLXO,0,0,0,3,1,0,0,0,0,0,0,0,1,69.55,222.3,1,False,True,False,False,False,False,False,False
2024-BASKD,0,0,0,1,1,0,0,0,1,0,0,0,1,74.6,74.6,1,False,True,False,False,False,False,False,True
5845-BZZIB,0,1,1,35,1,0,0,0,0,0,0,0,0,20.1,655.3,0,True,False,True,False,True,False,False,True
1140-UKVZG,0,0,0,17,1,1,0,0,0,0,0,0,0,24.8,475.25,0,False,False,True,False,False,False,False,True
4160-AMJTL,1,0,0,8,1,0,0,0,0,0,0,0,0,19.65,164.3,1,False,False,True,False,False,False,True,False
5183-SNMJQ,0,0,0,10,1,0,0,0,0,1,1,1,1,95.1,865.1,0,True,True,False,False,False,True,False,False
8100-PNJMH,0,1,1,68,1,1,1,1,1,1,1,1,1,88.85,6132.7,0,True,False,False,False,True,True,False,False
7838-LAZFO,0,1,0,45,1,0,1,1,1,0,1,1,0,78.8,3597.5,0,True,False,False,True,False,False,False,False
4464-JCOLN,0,1,1,2,1,0,0,0,0,0,0,0,0,19.85,35.9,1,True,False,True,True,False,False,False,True
2085-JVGAD,0,1,0,37,1,0,0,0,0,0,0,0,0,20.35,697.65,0,True,False,True,False,False,False,False,False
5650-VDUDS,0,0,0,4,0,0,0,0,0,0,0,0,1,24.25,96.05,1,False,False,False,False,False,False,False,True
8095-WANWK,0,0,0,10,1,0,0,0,0,0,0,0,0,45.25,428.7,0,False,False,False,False,False,False,False,True
3030-ZKIWL,0,0,0,1,1,0,0,0,0,0,0,0,0,20.05,20.05,0,True,False,True,False,False,False,False,True
9565-FLVCG,0,1,1,65,1,1,1,1,0,0,0,1,1,69.55,4459.15,0,True,False,False,False,True,False,False,True
8755-OGKNA,0,1,1,57,1,0,0,0,0,0,0,0,0,19.5,1167.6,0,False,False,True,False,True,False,False,False
2800-VEQXM,0,0,0,3,1,0,0,0,1,0,0,0,1,74.75,238.1,0,False,True,False,False,False,False,False,True
7538-GWHML,0,0,0,2,1,0,0,0,0,0,0,0,0,69.65,145.15,1,False,True,False,False,False,False,True,False
5533-RJFTJ,0,0,0,49,0,0,0,0,1,0,0,0,1,30.2,1453.1,0,True,False,False,False,False,False,False,False
3859-CVCET,0,0,0,4,1,0,0,0,0,0,0,0,0,45.65,191.05,1,False,False,False,False,False,False,False,True
0214-JHPFW,0,1,0,70,0,0,0,1,1,1,1,1,0,57.8,4039.3,0,False,False,False,False,True,False,False,False
5642-MHDQT,0,1,1,53,1,0,0,0,0,0,0,0,1,19.85,1039.45,0,False,False,True,True,False,False,False,False
3088-FVYWK,0,1,1,53,1,1,0,0,0,0,0,0,0,25.55,1336.1,0,True,False,True,False,True,True,False,False
3276-HDUEG,0,0,0,1,1,1,0,0,0,0,0,0,1,75.05,75.05,1,False,True,False,False,False,False,False,True
9092-GDZKO,0,0,0,22,1,1,0,0,0,0,0,0,1,24.85,493.4,0,True,False,True,False,False,True,False,False
0823-HSCDJ,1,0,0,52,0,0,0,1,0,0,1,1,1,49.15,2550.9,1,True,False,False,False,False,False,True,False
3729-OWRVL,1,0,0,65,1,1,1,0,1,1,1,1,1,110.35,7246.15,0,True,True,False,False,True,False,True,False
2324-AALNO,0,0,0,48,1,1,0,0,0,0,0,0,0,24.55,1203.95,0,False,False,True,True,False,False,False,False
0822-GAVAP,0,0,0,2,0,0,0,0,0,0,0,1,1,34.7,62.25,1,False,False,False,False,False,False,True,False
5760-IFJOZ,0,0,0,3,1,1,0,1,1,0,1,1,0,107.95,313.6,0,True,True,False,False,False,False,False,True
2826-UWHIS,0,1,0,45,1,1,0,1,0,0,0,0,0,81.4,3775.85,0,True,True,False,False,False,False,False,False
1448-PWKYE,0,1,1,1,1,0,0,0,0,0,0,1,0,80.0,80.0,1,True,True,False,False,False,False,True,False
7501-IWUNG,0,1,1,61,1,0,0,0,1,1,1,1,1,73.8,4616.05,0,False,False,False,False,True,False,False,False
4957-TREIR,0,0,0,3,1,0,1,0,0,1,1,0,1,64.4,195.65,0,True,False,False,False,False,True,False,False
7251-LJBQN,1,0,0,40,1,1,0,0,1,1,1,1,1,103.75,4188.4,0,False,True,False,True,False,True,False,False
8040-MNRTF,0,0,0,1,1,0,0,0,0,0,0,0,0,71.1,71.1,0,False,True,False,False,False,False,False,True
1536-HBSWP,0,0,0,1,1,0,0,0,0,1,0,0,1,49.9,49.9,0,False,False,False,False,False,False,True,False
5313-FPXWG,0,0,0,51,1,1,0,0,0,0,0,0,1,24.6,1266.4,0,True,False,True,True,False,False,False,False
0067-DKWBL,1,0,0,2,1,0,1,0,0,0,0,0,1,49.25,91.1,1,True,False,False,False,False,False,True,False
0946-FKYTX,0,0,0,52,0,0,0,1,0,0,0,0,0,30.1,1623.4,0,True,False,False,True,False,False,False,True
5076-YVXCM,0,0,0,51,1,1,0,0,0,0,0,1,0,83.4,4149.45,0,True,True,False,False,False,False,False,False
8262-COGGB,0,0,0,1,1,0,0,0,0,0,0,0,1,20.45,20.45,0,True,False,True,False,False,False,False,True
6663-JOCQO,0,1,1,31,1,1,1,1,0,1,0,1,1,75.25,2344.5,0,True,False,False,True,False,False,False,False
9620-QJREV,0,0,1,47,1,0,0,0,0,0,0,0,0,20.55,1013.05,0,True,False,True,True,False,True,False,False
2276-YDAVZ,0,0,0,3,1,1,0,0,0,0,0,0,1,75.1,270.7,1,False,True,False,False,False,True,False,False
2682-KEVRP,1,0,0,22,1,0,0,0,0,0,0,0,1,20.05,417.0,0,False,False,True,True,False,False,False,True
2480-JZOSN,0,1,0,1,1,0,0,0,0,0,0,0,1,20.65,20.65,0,False,False,True,False,False,False,False,True
0078-XZMHT,0,1,0,72,1,1,0,1,1,1,1,1,1,85.15,6316.2,0,True,False,False,False,True,False,False,False
5896-NPFWW,0,1,1,3,1,0,0,0,1,0,0,0,1,50.15,168.15,1,True,False,False,False,False,False,True,False
9978-HYCIN,1,1,1,47,1,0,0,1,0,0,1,0,1,84.95,4018.05,0,True,True,False,True,False,False,False,False
8338-QIUNR,0,1,1,72,1,1,1,0,1,1,0,0,1,66.5,4811.6,0,True,False,False,False,True,True,False,False
1525-LNLOJ,0,1,1,66,1,1,0,0,1,0,1,0,1,63.3,4189.7,0,True,False,False,False,True,False,False,False
9450-TRJUU,0,0,0,35,1,1,0,0,0,0,1,0,0,83.15,2848.45,0,True,True,False,False,False,False,True,False
1766-GKNMI,0,0,0,29,1,1,0,0,0,0,0,1,1,84.9,2516.2,0,True,True,False,False,False,False,True,False
6942-LBFDP,0,0,0,2,1,0,0,0,0,0,0,0,1,20.55,33.6,0,False,False,True,False,False,False,False,True
1456-TWCGB,0,0,0,4,1,0,0,1,0,0,0,0,0,49.25,208.45,0,True,False,False,False,False,False,False,True
7133-VBDCG,0,0,0,25,1,0,1,1,0,0,0,0,1,79.85,2015.35,1,False,True,False,False,False,False,False,False
7596-ZYWBB,0,0,0,65,1,0,1,1,0,1,0,0,1,59.6,3739.8,0,False,False,False,False,True,False,False,True
8329-UTMVM,1,0,0,27,1,1,0,1,0,1,1,1,1,104.65,2964.0,0,True,True,False,True,False,False,False,False
3014-WJKSM,0,1,0,29,1,0,0,0,1,0,0,0,1,75.3,2263.4,0,True,True,False,False,False,True,False,False
3347-YJZZE,0,1,1,29,1,1,0,1,1,0,1,1,0,80.1,2211.8,0,True,False,False,False,False,True,False,False
0392-BZIUW,0,1,0,72,1,1,1,0,1,0,1,1,1,105.0,7589.8,0,False,True,False,False,True,True,False,False
1029-QFBEN,0,0,0,1,1,0,0,0,0,0,0,0,0,19.55,19.55,1,True,False,True,False,False,False,False,True
7929-DMBCV,0,1,0,20,1,0,0,0,1,1,0,0,1,81.0,1683.7,0,False,True,False,False,False,False,False,True
9661-JALZV,0,0,0,58,1,1,0,0,0,0,0,0,1,24.7,1519.0,0,False,False,True,False,True,True,False,False
5433-KYGHE,0,0,1,14,1,1,1,0,0,1,0,0,1,86.0,1164.05,0,False,True,False,False,False,False,False,True
4312-KFRXN,0,1,0,72,1,1,0,0,0,0,0,0,0,25.4,1710.9,0,True,False,True,False,True,False,False,True
5575-TPIZQ,0,0,0,46,1,1,1,0,0,0,1,0,1,89.15,4245.55,0,True,True,False,False,False,True,False,False
0114-IGABW,0,1,0,71,0,0,0,1,1,1,1,1,0,58.25,4145.9,0,False,False,False,False,True,False,False,False
9944-AEXBM,0,0,0,32,1,1,0,0,0,0,0,1,1,85.65,2664.3,0,True,True,False,False,False,False,False,False
1853-ARAAQ,0,0,0,26,0,0,0,0,1,0,1,1,1,50.35,1277.5,0,False,False,False,False,False,True,False,False
6952-OMNWB,1,1,0,68,1,1,0,0,1,0,0,0,1,80.35,5589.3,0,True,True,False,False,False,True,False,False
4697-LUPSU,0,1,1,2,1,0,0,0,0,0,0,0,0,20.2,34.75,0,True,False,True,True,False,False,False,True
8434-VGEQQ,0,1,1,61,1,0,0,0,0,0,0,0,0,20.55,1305.95,0,True,False,True,False,True,True,False,False
4952-YSOGZ,0,1,1,4,1,1,0,0,0,0,0,1,1,85.95,381.3,1,False,True,False,False,False,False,True,False
1589-AGTLK,0,0,0,3,1,0,0,0,0,0,0,0,1,45.35,141.5,1,True,False,False,False,False,False,True,False
5244-IRFIH,1,1,0,33,1,1,0,0,0,0,1,1,1,94.5,3105.55,1,True,True,False,False,False,False,True,False
6549-YMFAW,1,1,0,9,1,0,0,0,0,0,0,0,1,21.25,204.55,0,True,False,True,False,False,False,False,True
4950-HKQTE,0,0,0,22,1,1,0,0,0,0,0,0,0,26.25,605.9,0,False,False,True,False,True,False,False,True
6786-OBWQR,0,1,1,5,1,0,0,0,0,0,1,0,1,80.85,356.1,0,False,True,False,False,False,False,True,False
2684-EIWEO,1,0,0,30,1,1,1,1,1,0,0,0,0,91.7,2758.15,1,False,True,False,False,False,True,False,False
2753-JMMCV,0,0,0,65,1,1,0,1,1,1,0,1,1,74.2,4805.65,0,True,False,False,False,True,True,False,False
6439-GTPCA,0,0,0,45,1,1,0,0,1,1,0,0,1,87.25,3941.7,1,False,True,False,False,False,False,True,False
6621-YOBKI,0,0,0,5,1,0,0,0,0,0,0,0,0,20.35,92.75,0,True,False,True,False,False,False,False,True
1216-JWVUX,0,1,1,25,1,0,0,1,0,0,0,0,1,75.5,1901.05,0,True,True,False,False,False,False,True,False
7564-GHCVB,0,1,1,72,1,1,1,0,0,0,0,0,0,79.05,5730.7,0,False,True,False,False,True,False,False,False
1173-NOEYG,0,1,0,27,1,1,0,0,1,0,0,1,0,90.15,2423.4,0,False,True,False,False,False,False,False,False
7595-EHCDL,0,1,1,32,0,0,0,0,1,0,1,1,0,50.6,1653.45,0,True,False,False,False,False,True,False,False
6647-ZEDXT,0,0,0,30,1,1,0,1,1,1,1,1,0,110.45,3327.05,0,False,True,False,True,False,True,False,False
2521-NPUZR,0,1,0,70,1,0,1,1,1,1,0,1,0,101.0,7085.5,0,True,True,False,False,True,True,False,False
1307-TVUFB,1,0,0,42,1,1,0,1,0,0,0,0,1,79.35,3344.1,0,True,True,False,False,False,False,False,False
7503-MIOGA,1,1,0,72,1,1,1,1,1,1,1,1,1,89.85,6697.35,0,False,False,False,False,True,False,False,False
4381-MHQDC,0,0,0,47,1,1,1,0,1,1,0,0,1,65.0,2879.9,0,False,False,False,False,True,False,False,True
6923-JHPMP,0,0,0,2,1,0,1,0,1,0,0,0,1,80.45,137.1,0,False,True,False,False,False,False,True,False
5138-WVKYJ,0,0,0,10,1,1,1,0,0,0,1,1,0,98.55,1008.55,1,True,True,False,False,False,False,True,False
4018-PPNDW,0,1,1,61,1,1,0,0,0,0,0,0,1,24.1,1551.6,0,False,False,True,False,True,False,False,True
1635-FJFCC,0,0,0,5,1,0,0,0,0,0,0,0,1,44.05,202.15,0,False,False,False,False,False,True,False,False
2499-AJYUA,1,1,0,72,1,1,0,1,1,1,1,1,1,110.8,7882.25,0,False,True,False,False,True,True,False,False
6919-ELBGL,1,1,1,72,1,1,1,1,1,1,1,1,1,114.95,8196.4,0,True,True,False,False,True,False,False,False
3966-HRMZA,1,0,0,3,1,0,0,0,1,0,0,0,0,75.05,202.9,0,False,True,False,False,False,False,False,True
6425-JWTDV,0,1,0,48,1,0,0,0,0,0,0,0,0,19.25,855.1,0,True,False,True,False,True,False,False,True
8405-IGQFX,0,0,0,63,1,0,0,0,1,1,1,0,1,90.05,5817.0,0,False,True,False,True,False,True,False,False
8224-IVVPA,0,0,0,27,1,0,1,1,0,0,0,0,1,56.7,1652.95,0,False,False,False,False,False,False,False,True
9477-LGWQI,0,1,1,70,1,0,1,1,1,0,1,1,1,80.15,5600.15,0,True,False,False,False,True,True,False,False
1410-RSCMR,0,1,1,7,1,0,1,0,1,1,0,1,1,71.35,515.75,0,True,False,False,False,False,True,False,False
0139-IVFJG,0,1,0,2,1,0,1,1,0,0,1,0,0,90.35,190.5,0,False,True,False,False,False,False,True,False
6683-VLCTZ,1,0,0,20,1,1,0,0,1,0,1,1,1,98.55,1842.8,1,True,True,False,False,False,False,True,False
5730-DBDSI,0,0,0,66,1,0,0,0,0,0,0,0,0,19.7,1253.8,0,True,False,True,False,True,False,False,False
0030-FNXPP,0,0,0,3,1,0,0,0,0,0,0,0,0,19.85,57.2,0,False,False,True,False,False,False,False,True
2189-WWOEW,0,0,1,15,1,0,0,1,0,0,0,1,1,85.9,1269.55,1,False,True,False,False,False,False,False,False
5684-FJVYR,0,1,1,72,1,1,1,1,0,1,0,0,1,90.35,6563.4,0,False,True,False,False,True,False,False,False
4013-GUXND,0,0,0,1,1,0,0,0,0,0,0,0,0,20.8,20.8,0,True,False,True,False,False,False,False,True
1894-IGFSG,0,0,0,22,1,0,0,0,0,0,1,1,0,89.25,1907.85,1,False,True,False,False,False,False,True,False
7379-POKDZ,0,1,0,3,1,0,0,0,0,0,0,0,1,70.3,208.85,1,True,True,False,False,False,False,True,False
1266-NZYUI,0,1,1,72,1,1,1,0,1,1,0,0,0,66.85,4758.8,0,False,False,False,False,True,False,False,False
7969-FFOWG,0,1,1,65,1,0,0,0,0,0,0,0,0,19.9,1292.6,0,True,False,True,False,True,False,False,True
4718-DHSMV,0,0,0,11,0,0,0,0,0,0,1,0,1,35.8,363.15,0,False,False,False,False,False,False,False,True
5175-WLYXL,0,0,0,22,1,1,0,1,0,0,0,0,1,78.85,1600.25,0,True,True,False,False,False,False,False,True
7817-OMJNA,0,0,0,14,1,0,0,0,0,0,0,0,0,20.4,275.7,0,True,False,True,True,False,False,False,False
8728-SKJLR,0,0,0,41,1,0,0,0,0,1,0,0,1,74.25,3089.1,0,True,True,False,False,False,False,True,False
3137-NYQQI,0,1,0,17,1,0,1,1,0,0,0,1,0,64.8,1175.6,0,True,False,False,True,False,False,False,True
7706-DZNKK,0,0,0,11,1,0,0,0,0,0,0,0,1,20.45,237.3,0,True,False,True,False,False,True,False,False
0236-HFWSV,0,0,0,15,1,1,0,0,0,0,1,1,1,93.35,1444.65,1,True,True,False,False,False,False,True,False
3900-AQPHZ,0,0,0,1,1,0,0,0,0,0,0,0,0,19.9,19.9,1,False,False,True,False,False,False,False,True
5842-POCOP,0,1,0,5,1,0,1,0,1,0,0,1,1,88.9,454.15,1,False,True,False,False,False,False,False,True
2037-XJFUP,0,1,0,33,1,0,0,0,1,0,1,1,1,95.8,3036.75,1,True,True,False,True,False,False,True,False
8823-RLPWL,0,1,0,72,1,1,1,1,1,0,1,1,1,110.65,8065.65,0,False,True,False,False,True,True,False,False
9505-SQFSW,0,1,1,3,0,0,0,1,0,0,0,1,0,40.3,92.5,0,False,False,False,False,False,False,False,True
7314-OXENN,0,0,0,2,1,1,0,1,0,0,0,0,1,82.0,184.65,1,True,True,False,False,False,False,True,False
3758-CKOQL,0,1,0,59,1,1,1,1,1,1,0,1,1,107.0,6152.3,0,False,True,False,True,False,True,False,False
0322-CHQRU,0,0,0,2,1,0,0,0,0,0,0,0,0,45.35,89.5,1,True,False,False,False,False,False,True,False
5676-CFLYY,0,1,1,71,1,0,0,1,0,1,1,1,1,73.35,5154.5,0,True,False,False,False,True,True,False,False
7521-AFHAB,0,1,1,5,1,0,0,0,0,0,0,0,0,44.8,220.45,0,False,False,False,False,False,False,False,True
0285-INHLN,0,1,1,27,1,0,1,1,0,0,0,0,1,54.75,1510.3,0,True,False,False,False,False,True,False,False
4678-DVQEO,0,0,0,1,1,0,0,0,0,1,0,0,1,52.2,52.2,1,False,False,False,False,False,False,True,False
5125-CNDSP,0,0,1,63,0,0,1,1,0,1,0,0,1,40.6,2588.95,0,True,False,False,True,False,False,False,False
0691-IFBQW,1,0,0,46,1,1,1,1,1,0,1,1,1,110.0,4874.8,1,False,True,False,True,False,False,True,False
4992-LTJNE,0,1,1,72,1,1,1,0,0,0,0,0,0,55.3,3983.6,0,True,False,False,False,True,False,False,False
2202-OUTMO,0,1,0,34,1,1,1,0,0,1,0,0,1,60.85,2003.6,0,False,False,False,False,False,False,False,False
0810-BDHAW,0,1,1,24,1,1,1,1,0,0,1,1,0,78.4,1832.4,0,False,False,False,True,False,False,True,False
0229-LFJAF,0,0,0,72,1,1,1,1,1,1,0,0,0,69.65,4908.25,0,True,False,False,False,True,False,False,False
7131-ZQZNK,0,1,1,60,0,0,1,0,1,1,1,1,0,59.85,3590.2,0,False,False,False,False,True,True,False,False
3442-ZHHCC,0,0,0,68,1,1,1,1,1,0,0,1,1,76.9,5023.0,0,True,False,False,True,False,True,False,False
5726-CVNYA,0,1,1,8,1,0,0,0,0,0,0,0,1,19.85,146.6,0,False,False,True,False,True,False,False,True
9871-ELEYA,0,0,1,34,1,0,1,0,1,1,1,0,0,67.65,2339.3,0,False,False,False,False,True,True,False,False
4257-GAESD,0,0,0,6,0,0,0,0,0,0,1,1,0,45.0,298.7,0,False,False,False,False,False,True,False,False
5173-WXOQV,0,1,0,2,1,0,0,1,0,1,0,1,1,64.2,143.65,0,True,False,False,False,False,False,False,True
2040-OBMLJ,0,0,0,31,1,1,0,0,0,1,0,0,0,81.7,2548.65,0,True,True,False,True,False,True,False,False
2123-AGEEN,1,0,0,7,1,0,0,0,1,0,1,0,1,84.35,609.65,0,False,True,False,False,False,False,True,False
6286-ZHAOK,0,1,1,20,1,1,0,0,0,0,0,0,1,25.55,507.4,0,False,False,True,False,False,False,False,False
3807-XHCJH,0,1,1,1,1,0,0,0,0,0,0,0,0,20.0,20.0,0,False,False,True,False,False,False,True,False
3009-JWMPU,0,0,0,62,1,1,0,0,1,0,1,1,1,96.75,6125.4,1,True,True,False,True,False,False,True,False
5671-RQRLP,1,1,0,70,1,1,0,0,0,0,0,0,1,75.65,5411.4,0,False,True,False,False,True,True,False,False
1450-GALXR,0,0,0,10,1,1,0,0,0,1,1,1,1,98.5,1058.25,1,False,True,False,False,False,False,True,False
8859-AXJZP,0,1,1,39,1,1,0,0,0,0,0,0,1,23.8,903.8,0,True,False,True,False,True,False,False,True
3174-AKMAS,0,1,0,46,1,0,0,1,0,1,1,0,1,64.2,3009.5,0,False,False,False,False,True,True,False,False
3138-BKYAV,0,0,0,6,1,0,0,1,0,0,1,0,1,85.35,489.45,1,True,True,False,False,False,False,True,False
9926-PJHDQ,0,1,1,72,1,1,0,0,1,0,1,1,1,76.8,5468.45,0,False,False,False,False,True,False,False,False
7382-DFJTU,0,0,0,18,1,0,0,0,1,1,0,0,0,55.2,1058.1,0,True,False,False,False,False,True,False,False
2798-NYLMZ,0,1,0,71,1,1,1,0,1,1,1,1,1,108.55,7616.0,0,True,True,False,False,True,True,False,False
4289-DTDKW,0,1,0,40,1,1,0,1,0,0,1,1,1,101.3,4113.1,1,True,True,False,False,False,False,True,False
1820-TQVEV,0,0,0,1,1,0,0,0,0,0,0,0,1,69.55,69.55,1,True,True,False,False,False,False,True,False
2239-JALAW,0,0,0,58,1,1,0,1,1,0,1,1,1,103.25,6017.65,1,True,True,False,True,False,False,False,False
4853-RULSV,0,0,0,70,1,1,1,0,0,1,1,1,1,104.0,7250.15,1,True,True,False,False,True,True,False,False
8098-TDCBU,0,1,0,42,1,1,0,0,0,0,0,0,0,25.25,1108.2,0,False,False,True,False,True,False,True,False
3551-GAEGL,0,1,1,34,0,0,1,0,0,0,0,0,0,30.4,938.65,0,True,False,False,True,False,False,False,False
4785-NKHCX,1,0,0,5,1,0,0,0,0,0,0,0,0,20.05,94.15,0,True,False,True,False,False,False,False,False
3196-NVXLZ,0,0,0,25,1,1,0,0,0,0,1,0,1,84.6,2088.05,0,False,True,False,False,False,False,False,True
6275-YDUVO,0,0,0,2,1,0,0,0,1,0,0,1,1,86.2,178.7,1,False,True,False,False,False,False,False,True
0036-IHMOT,0,1,1,55,1,0,0,1,1,1,1,1,1,103.7,5656.75,0,False,True,False,True,False,False,False,False
0115-TFERT,0,1,0,21,1,1,0,1,1,1,1,1,1,111.2,2317.1,1,True,True,False,False,False,False,True,False
4178-EGMON,0,1,0,70,1,1,1,1,0,1,0,0,1,88.0,5986.45,0,True,True,False,False,True,True,False,False
4220-TINQT,0,1,0,61,1,1,0,0,1,1,1,1,1,106.35,6751.35,0,False,True,False,False,False,False,True,False
5318-YKDPV,0,1,1,43,1,0,1,0,1,1,1,1,1,79.15,3566.6,0,True,False,False,False,True,True,False,False
7975-TZMLR,0,0,0,47,1,1,0,1,1,0,1,1,1,103.1,4889.3,0,True,True,False,True,False,False,True,False
0295-QVKPB,0,0,0,5,1,0,0,0,1,1,1,0,1,63.95,318.1,0,True,False,False,False,False,True,False,False
4335-BSMJS,0,0,0,62,1,1,0,0,0,0,0,0,1,25.8,1563.95,0,False,False,True,False,True,True,False,False
2311-QYMUQ,0,1,1,16,1,0,0,1,1,0,1,0,1,89.45,1430.25,1,False,True,False,False,False,True,False,False
3643-AHCFP,1,1,0,7,1,1,0,0,0,0,1,1,1,95.6,644.35,1,True,True,False,False,False,False,False,False
9146-JRIOX,0,1,1,14,1,1,0,0,0,0,0,0,0,25.55,372.45,0,False,False,True,False,False,False,False,True
3104-OWCGK,0,1,1,60,1,0,0,1,1,0,1,0,0,90.95,5453.4,1,True,True,False,True,False,False,True,False
5337-IIWKZ,0,1,1,34,0,0,0,0,1,1,1,0,1,44.85,1442.6,0,True,False,False,False,False,False,True,False
9101-BWFSS,0,1,0,50,1,1,1,1,0,1,1,1,0,108.55,5610.7,1,False,True,False,True,False,False,True,False
9650-VBUOG,0,1,1,38,1,1,0,0,0,0,0,0,0,25.05,963.95,0,True,False,True,False,True,True,False,False
3487-EARAT,0,1,1,70,1,0,1,1,1,1,0,1,0,74.1,5222.3,0,False,False,False,True,False,True,False,False
2672-TGEFF,0,1,1,37,1,1,0,1,0,0,1,0,1,88.8,3340.55,0,False,True,False,False,False,False,True,False
9231-ZJYAM,1,0,0,4,1,0,0,0,0,0,1,0,1,78.85,292.8,1,False,True,False,False,False,False,True,False
4250-WAROZ,1,1,1,60,1,1,1,1,0,0,0,1,1,93.25,5774.55,0,True,True,False,False,False,False,True,False
8184-WMOFI,0,1,1,62,1,0,1,0,1,1,0,1,0,71.4,4487.3,0,True,False,False,True,False,True,False,False
6982-SSHFK,0,0,0,1,1,0,0,0,0,0,0,0,0,44.4,44.4,1,True,False,False,False,False,False,False,True
6092-QZVPP,0,0,0,36,1,0,1,0,1,1,1,1,1,79.2,2854.95,0,True,False,False,False,False,True,False,False
4625-LAMOB,0,0,0,44,1,0,0,0,0,0,0,0,0,20.4,905.55,0,True,False,True,False,True,True,False,False
0727-BMPLR,1,0,0,55,1,1,0,0,1,0,1,1,1,100.0,5509.3,1,False,True,False,True,False,False,True,False
1038-ZAGBI,0,1,1,12,1,0,0,0,0,0,0,0,0,19.8,229.6,1,False,False,True,True,False,False,False,False
6549-NNDYT,0,0,0,13,0,0,1,0,0,0,0,0,1,30.85,394.1,0,False,False,False,False,False,False,False,False
3027-ZTDHO,0,0,0,1,1,0,0,0,0,0,1,1,1,89.9,89.9,1,True,True,False,False,False,False,True,False
0422-OHQHQ,0,1,1,15,1,0,0,0,0,0,0,0,0,20.55,295.95,0,False,False,True,True,False,False,False,True
6916-HIJSE,0,0,0,65,1,0,1,1,1,1,1,1,1,84.85,5459.2,0,False,False,False,False,True,False,False,False
2316-ESMLS,0,1,1,12,0,0,1,0,0,1,0,0,0,33.15,444.75,0,False,False,False,True,False,True,False,False
9778-OGKQZ,0,1,0,72,1,1,1,1,1,1,1,1,1,92.0,6782.15,0,True,False,False,False,True,True,False,False
7408-OFWXJ,0,1,1,72,1,1,1,1,1,1,1,1,0,89.8,6510.45,0,False,False,False,False,True,True,False,False
6007-TCTST,0,1,1,72,1,1,1,1,1,1,1,1,1,115.8,8476.5,0,False,True,False,False,True,False,False,False
2252-NKNSI,0,0,1,52,1,1,1,1,0,1,1,1,1,85.15,4461.85,0,True,False,False,False,True,False,False,True
8713-IGZSO,0,0,0,2,1,1,0,0,0,0,0,0,0,24.85,62.0,0,True,False,True,False,False,False,False,True
7905-TVXTA,0,0,0,5,1,0,1,0,0,1,1,0,1,64.35,352.65,0,False,False,False,False,False,False,True,False
7695-PKLCZ,0,0,0,68,1,0,0,0,0,0,0,0,0,20.5,1424.9,0,False,False,True,False,True,True,False,False
2382-BCKQJ,0,0,1,62,1,1,0,0,1,0,1,1,1,100.15,6413.65,1,False,True,False,True,False,False,True,False
8374-UULRV,0,0,0,72,1,1,1,1,0,1,1,1,0,86.05,6309.65,0,True,False,False,False,True,True,False,False
2207-NHRJK,0,0,0,1,1,0,0,1,0,0,0,0,0,50.8,50.8,1,True,False,False,False,False,False,True,False
3224-DFQNQ,0,1,0,66,1,1,1,1,0,1,0,0,0,89.0,5898.6,0,False,True,False,True,False,False,True,False
5275-PMFUT,0,1,1,72,0,0,1,1,1,1,1,1,1,64.8,4719.75,0,True,False,False,False,True,True,False,False
4795-UXVCJ,0,0,0,26,1,0,0,0,0,0,0,0,0,19.8,457.3,0,True,False,True,True,False,True,False,False
9777-IQHWP,0,1,1,64,1,1,1,0,1,0,0,1,0,93.4,5822.3,0,True,True,False,False,True,False,False,False
0947-MUGVO,1,1,0,20,1,0,0,1,0,0,0,0,1,73.65,1463.5,1,True,True,False,False,False,False,True,False
9944-HKVVB,0,0,0,3,1,0,0,1,0,0,1,1,1,95.1,307.4,1,False,True,False,False,False,False,True,False
4124-MMETB,0,0,0,22,1,1,0,0,0,0,1,1,1,94.65,2104.55,1,True,True,False,False,False,True,False,False
3671-SHRSP,0,1,0,4,1,0,0,0,1,1,0,0,1,80.6,319.15,1,True,True,False,False,False,False,False,True
0979-MOZQI,0,1,0,62,0,0,0,0,0,1,1,0,1,39.0,2337.45,0,True,False,False,False,True,False,False,False
2732-ISEZX,0,0,0,5,1,0,0,0,0,0,0,0,1,20.5,104.3,0,False,False,True,False,False,False,False,True
3313-QKNKB,0,1,0,59,1,1,0,0,0,0,0,1,0,85.55,5084.65,1,True,True,False,True,False,False,True,False
0323-XWWTN,0,0,1,3,1,1,0,0,0,0,0,0,1,26.4,121.25,0,True,False,True,False,True,False,False,True
1937-OTUKY,0,1,0,72,1,1,1,0,1,1,1,0,1,98.2,7015.9,0,False,True,False,False,True,False,False,False
1573-LGXBA,0,1,1,57,1,0,0,1,1,0,1,1,1,97.55,5598.0,0,True,True,False,True,False,True,False,False
1764-VUUMT,0,0,1,66,1,0,0,0,0,0,0,0,0,19.95,1269.1,0,True,False,True,False,True,True,False,False
5073-WXOYN,0,0,0,60,0,0,0,1,0,0,1,1,1,50.8,3027.4,1,False,False,False,False,False,False,True,False
4713-ZBURT,0,0,1,45,1,1,0,0,1,0,1,1,0,99.7,4634.35,0,True,True,False,False,True,False,False,False
3050-GBUSH,0,0,0,3,0,0,0,0,0,0,1,0,1,34.8,113.95,0,False,False,False,False,False,True,False,False
0207-MDKNV,0,0,0,15,1,0,1,0,1,1,1,1,0,105.1,1582.75,1,False,True,False,False,False,False,True,False
7876-AEHIG,0,0,1,51,0,0,1,0,1,1,1,1,0,60.15,3077.0,0,False,False,False,True,False,False,False,False
7945-HLKEA,0,0,0,60,1,1,1,0,1,1,0,0,0,64.75,4039.5,0,False,False,False,True,False,False,True,False
9342-VNIMQ,0,0,0,33,1,1,0,1,0,0,0,0,1,54.65,1665.2,0,True,False,False,False,False,False,False,False
9851-KIELU,0,0,0,10,1,0,1,1,1,1,1,1,1,110.1,1043.3,1,True,True,False,False,False,False,True,False
3523-BRGUW,1,0,0,26,1,0,0,0,0,0,0,0,0,19.3,504.2,0,True,False,True,True,False,True,False,False
3908-BLSYF,0,0,0,6,1,0,0,0,1,0,0,1,0,83.9,497.55,1,False,True,False,False,False,False,True,False
3199-NPKCN,0,1,0,67,1,1,1,0,1,1,1,1,1,111.25,7511.65,0,False,True,False,True,False,False,True,False
5170-PTRKA,0,1,1,49,0,0,1,0,0,1,0,0,1,35.8,1782.0,0,False,False,False,True,False,True,False,False
4661-NJEUX,0,0,0,1,1,0,0,0,0,0,0,0,1,20.05,20.05,0,True,False,True,False,False,False,False,True
1258-YMZNM,1,0,0,27,1,1,1,1,1,0,1,1,1,110.5,2857.6,0,False,True,False,True,False,False,False,False
0048-LUMLS,0,1,1,37,1,0,0,0,0,0,1,1,0,91.2,3247.55,0,True,True,False,True,False,True,False,False
7549-MYGPK,0,1,1,63,1,1,1,1,1,0,1,0,1,100.55,6215.35,1,False,True,False,False,False,False,True,False
5898-IGSLP,0,1,1,31,1,1,1,0,1,1,0,0,0,89.3,2823.0,0,True,True,False,False,False,False,True,False
3804-RVTGV,0,1,1,50,1,1,0,1,1,0,1,1,1,103.85,5017.9,1,True,True,False,False,False,False,False,False
6259-WJQLC,1,0,0,32,1,1,0,0,1,0,0,0,1,81.1,2619.25,0,True,True,False,False,False,True,False,False
9227-LUNBG,0,0,0,1,0,0,0,0,0,0,0,0,0,24.6,24.6,1,False,False,False,False,False,False,True,False
7997-EASSD,0,1,0,63,1,1,0,0,0,1,0,0,1,81.2,4965.1,0,False,True,False,True,False,True,False,False
0730-KOAVE,0,0,0,30,1,1,1,1,0,0,0,1,1,94.3,2679.7,0,True,True,False,False,False,True,False,False
8975-SKGRX,0,1,0,71,1,1,1,1,1,1,1,1,1,116.1,8310.55,0,True,True,False,False,True,False,False,False
0678-RLHVP,0,0,0,53,1,1,0,1,1,0,1,1,0,105.55,5682.25,0,False,True,False,False,True,False,True,False
4315-MURBD,0,0,0,12,1,0,1,0,0,1,1,1,1,98.9,1120.95,1,False,True,False,False,False,False,False,False
2267-FPIMA,0,1,0,50,1,1,1,1,0,0,0,1,1,94.4,4914.9,0,True,True,False,False,False,True,False,False
1051-GEJLJ,0,0,0,2,1,0,0,0,0,0,0,0,0,19.5,27.55,0,False,False,True,False,False,False,False,True
9734-YWGEX,0,0,0,9,1,1,0,0,1,0,1,1,0,98.3,923.5,1,False,True,False,False,False,True,False,False
2719-BDAQO,0,0,0,17,1,0,1,0,0,0,1,1,0,93.85,1625.65,1,True,True,False,False,False,False,True,False
5285-MVEHD,0,1,0,56,1,0,1,1,1,0,1,1,1,105.6,6068.65,0,False,True,False,True,False,True,False,False
0379-DJQHR,0,1,1,67,1,0,1,1,1,0,1,1,0,81.35,5398.6,0,True,False,False,False,True,True,False,False
0781-LKXBR,1,0,0,9,1,1,0,0,1,0,1,1,1,100.5,918.6,1,True,True,False,False,False,False,True,False
5543-QDCRY,0,0,0,4,1,0,0,0,0,0,1,0,1,56.4,234.85,0,True,False,False,False,False,False,True,False
0297-RBCSG,0,0,0,19,1,0,0,1,0,1,0,1,1,65.35,1231.85,0,True,False,False,True,False,False,False,False
4694-PHWFW,0,0,1,8,1,0,0,0,0,0,0,0,0,19.95,170.9,0,False,False,True,False,False,False,False,True
0835-JKADZ,0,0,0,71,1,1,0,1,1,1,1,1,1,111.25,7984.15,0,False,True,False,False,True,False,True,False
1907-UBQFC,1,0,0,10,1,0,0,1,0,0,0,0,1,72.85,688.65,1,True,True,False,False,False,False,True,False
7508-SMHXL,1,0,0,15,1,1,0,1,0,0,1,0,0,89.0,1288.3,0,False,True,False,False,False,True,False,False
3865-YIOTT,0,1,1,72,1,1,1,0,1,0,1,1,1,106.1,7848.5,0,True,True,False,True,False,False,False,False
5993-BQHEA,0,0,0,12,1,0,0,0,0,0,0,0,0,20.05,267.0,0,True,False,True,True,False,True,False,False
6024-RUGGH,0,1,1,72,1,1,0,0,0,0,0,0,1,25.2,1798.9,0,True,False,True,False,True,False,False,False
6513-EECDB,1,1,0,1,1,1,0,0,0,0,0,0,1,73.55,73.55,1,True,True,False,False,False,False,True,False
3956-CJUST,1,0,0,23,1,0,1,0,0,0,0,0,1,75.4,1643.55,0,False,True,False,False,False,False,False,False
4079-WWQQQ,0,0,0,72,0,0,1,1,1,1,1,1,1,65.55,4807.45,0,True,False,False,False,True,False,False,False
6103-BOCOU,0,0,0,26,1,1,0,0,1,0,0,0,1,80.7,2193.0,0,False,True,False,False,False,False,True,False
5149-TGWDZ,0,0,0,21,1,0,0,1,1,1,1,1,1,104.55,2239.4,0,False,True,False,True,False,False,False,True
7471-WNSUF,0,1,0,60,1,1,0,0,0,0,0,0,0,24.15,1505.9,0,True,False,True,True,False,False,False,False
8942-DBMHZ,0,0,0,12,1,0,0,0,0,0,0,0,0,20.45,255.35,0,True,False,True,False,False,False,False,True
4301-VVZKA,0,1,0,16,1,1,0,0,0,0,0,0,1,75.4,1189.4,0,True,True,False,False,False,False,True,False
9199-PWQVC,0,1,0,63,1,1,1,1,0,0,1,1,1,79.7,4786.15,0,False,False,False,True,False,True,False,False
4824-GUCBY,1,0,0,22,1,0,1,1,0,0,0,0,0,81.7,1820.9,0,False,True,False,False,False,False,True,False
5393-HJZSM,0,1,1,32,1,0,1,1,1,1,0,1,0,76.3,2404.15,0,False,False,False,False,False,False,False,False
7074-IEVOJ,1,0,0,3,1,1,0,1,0,0,0,0,1,79.4,205.05,1,False,True,False,False,False,False,True,False
9625-QSTYE,0,0,0,13,1,0,0,1,1,0,0,0,1,81.15,952.3,1,False,True,False,False,False,False,True,False
0862-PRCBS,0,1,1,68,1,1,0,1,0,1,1,1,1,103.75,7039.45,0,False,True,False,False,True,True,False,False
8812-ZRHFP,0,1,1,30,1,0,0,0,1,0,0,1,0,86.45,2538.05,0,False,True,False,True,False,False,True,False
5146-CBVOE,0,0,0,16,1,0,0,1,0,0,0,0,0,75.1,1212.85,0,False,True,False,False,False,False,False,False
0454-OKRCT,0,0,0,33,1,0,0,1,0,1,0,0,0,80.6,2651.1,0,True,True,False,False,True,False,False,False
5787-KXGIY,0,1,0,72,1,0,0,0,0,0,0,0,0,19.3,1304.8,0,True,False,True,False,True,True,False,False
4750-ZRXIU,1,0,0,4,1,1,0,0,0,0,0,1,1,84.6,360.1,1,False,True,False,False,False,False,True,False
4198-VFOEA,0,0,0,12,0,0,1,0,0,1,0,0,1,33.6,435.45,0,False,False,False,True,False,False,False,True
6630-UJZMY,1,1,0,4,1,1,0,0,0,0,1,0,1,83.25,308.05,0,False,True,False,False,False,False,True,False
6400-BWQKW,0,0,0,6,1,1,1,0,0,0,0,0,1,79.05,434.5,1,False,True,False,False,False,False,True,False
2692-AQCPF,0,1,0,65,1,1,0,1,1,1,1,1,1,108.05,7118.9,0,False,True,False,True,False,True,False,False
0347-UBKUZ,0,0,0,15,1,0,0,0,0,0,0,0,0,19.9,320.45,0,False,False,True,False,False,False,False,True
0835-DUUIQ,0,0,1,24,1,0,0,0,0,0,0,0,0,21.05,531.55,0,False,False,True,True,False,False,False,False
0811-GSDTP,0,0,1,13,0,0,0,1,0,0,0,0,0,30.15,382.2,0,False,False,False,False,False,False,True,False
7567-ECMCM,0,0,0,24,1,0,0,0,0,0,0,1,1,79.85,2001.0,0,True,True,False,False,False,True,False,False
6115-ZTBFQ,0,1,0,72,0,0,1,1,1,1,1,1,0,65.5,4919.7,0,False,False,False,False,True,False,False,False
6353-BRMMA,0,1,1,54,1,1,1,1,0,0,1,1,1,104.1,5645.8,0,False,True,False,False,False,False,False,False
6680-WKXRZ,0,0,0,3,1,1,0,0,0,0,0,0,0,74.4,215.8,1,False,True,False,False,False,False,False,False
6231-WFGFH,0,1,1,4,1,0,0,0,0,0,0,0,1,20.5,77.6,0,True,False,True,False,False,False,False,True
9904-EHEVJ,1,1,1,32,1,1,0,0,1,0,1,0,1,91.35,2896.55,0,False,True,False,False,False,False,False,True
7028-DVOIQ,1,0,0,35,1,1,0,0,1,0,1,1,1,99.05,3395.8,1,True,True,False,False,False,False,True,False
6169-PPETC,0,1,1,35,1,0,0,0,0,0,0,0,0,20.5,759.35,0,True,False,True,False,True,False,False,False
4208-UFFGW,1,0,0,2,1,0,0,0,0,0,0,0,0,44.95,85.15,1,True,False,False,False,False,False,False,True
8584-KMVXD,0,0,0,8,1,0,0,1,0,0,0,0,0,75.6,535.55,0,False,True,False,False,False,False,True,False
8467-WYNSR,0,0,0,22,1,0,1,0,0,1,0,0,0,55.1,1253.15,0,True,False,False,False,False,False,False,True
0851-DFJKB,0,0,0,15,1,0,1,0,1,1,0,0,0,58.95,955.15,0,False,False,False,False,False,False,True,False
5382-SOYZL,0,0,0,22,1,1,0,0,0,0,1,1,1,95.1,2162.6,0,True,True,False,False,False,False,True,False
9448-REEVD,0,1,0,1,1,0,0,0,0,0,0,0,0,44.7,44.7,1,True,False,False,False,False,True,False,False
3261-CQXOL,0,1,1,71,1,1,0,0,0,0,0,0,0,25.45,1813.35,0,False,False,True,False,True,False,False,False
8388-FYNPZ,0,0,0,4,1,0,1,0,1,0,0,0,0,56.75,245.15,0,True,False,False,False,False,False,True,False
4002-BQWPQ,0,0,0,25,1,1,1,1,1,1,0,1,0,81.75,2028.8,0,True,False,False,False,False,False,False,False
5651-YLPRD,0,1,1,32,1,0,0,1,0,0,1,0,1,86.1,2723.75,0,False,True,False,False,False,False,True,False
2826-DXLQO,1,1,0,7,0,0,1,0,0,0,0,0,0,29.8,220.45,0,True,False,False,False,False,False,False,False
4378-BZYFP,0,0,0,17,1,0,0,0,0,0,0,0,1,20.5,365.8,0,True,False,True,True,False,False,False,True
9489-UTFKA,1,1,0,8,1,0,1,0,0,0,1,0,0,60.9,551.95,0,True,False,False,False,False,False,False,False
4849-PYRLQ,1,0,0,56,1,1,1,0,1,1,0,1,0,73.25,4054.2,0,False,False,False,False,True,False,False,False
9117-SHLZX,0,0,0,1,1,0,0,0,0,0,0,0,1,45.7,45.7,1,True,False,False,False,False,False,False,True
9889-TMAHG,1,0,0,8,1,0,1,0,0,1,1,1,0,100.3,832.35,1,True,True,False,False,False,True,False,False
4541-RMRLG,0,0,0,7,1,0,0,0,0,0,0,0,0,19.25,112.3,1,True,False,True,False,False,False,True,False
7764-BDPEE,0,0,1,3,1,0,0,0,0,0,0,0,0,20.85,60.65,0,True,False,True,False,False,False,False,True
3429-IFLEM,0,0,0,71,1,0,1,1,1,1,1,0,0,77.35,5550.1,0,False,False,False,False,True,True,False,False
3158-MOERK,0,0,0,2,1,1,0,0,0,0,1,1,1,96.0,174.8,1,False,True,False,False,False,False,True,False
7294-TMAOP,0,0,0,1,1,0,0,0,0,0,1,1,0,90.55,90.55,1,False,True,False,False,False,False,True,False
5002-GCQFH,0,1,0,49,1,1,1,1,0,0,1,0,1,93.85,4733.1,0,True,True,False,False,False,False,False,False
0556-FJEGU,0,0,0,58,1,0,0,1,1,1,1,0,0,70.1,4048.95,0,True,False,False,False,True,False,False,False
8919-FYFQZ,1,1,0,44,0,0,0,1,0,0,0,0,1,30.35,1359.7,1,True,False,False,False,False,False,True,False
0604-THJFP,0,1,1,59,1,0,0,1,0,1,1,1,1,75.95,4542.35,0,False,False,False,False,True,True,False,False
2834-JRTUA,0,0,0,71,1,1,1,0,1,1,1,1,1,108.05,7532.15,1,True,True,False,False,True,False,True,False
5875-YPQFJ,0,0,0,1,1,0,0,0,0,0,0,0,1,69.9,69.9,1,True,True,False,False,False,False,True,False
5879-SESNB,0,0,0,11,1,1,0,0,0,0,0,0,0,75.25,888.65,0,False,True,False,False,False,False,True,False
6646-QVXLR,1,1,0,62,1,1,0,1,1,0,1,1,1,103.75,6383.35,1,True,True,False,True,False,False,True,False
6461-PPAXN,0,1,1,35,1,0,1,0,0,1,0,0,1,54.95,1916.0,0,False,False,False,True,False,False,False,False
3318-ISQFQ,0,0,0,20,1,0,0,0,0,0,0,0,1,19.5,413.0,0,False,False,True,False,False,False,False,False
1106-HRLKZ,0,1,1,40,1,0,0,0,0,0,0,0,0,19.6,808.95,0,True,False,True,False,True,False,False,True
2483-XSSMZ,0,0,0,39,1,0,1,0,0,0,0,0,1,47.85,1886.4,0,False,False,False,True,False,False,True,False
8603-IJWDN,0,0,0,1,1,1,0,0,0,0,0,1,1,86.6,86.6,1,True,True,False,False,False,False,True,False
8165-ZJRNM,0,1,1,72,1,1,0,0,0,0,0,0,0,23.75,1679.25,0,False,False,True,False,True,False,False,False
9369-XFEHK,1,1,0,33,1,1,0,1,0,0,0,0,1,80.6,2656.5,1,False,True,False,False,False,False,False,False
2604-XVDAM,0,0,0,12,1,0,0,0,0,0,0,0,0,43.8,540.95,0,False,False,False,False,False,False,False,False
3717-OFRTN,0,0,0,1,1,0,0,0,0,0,0,0,0,19.75,19.75,0,True,False,True,False,False,False,False,False
9046-JBFWA,0,0,1,27,1,0,0,0,0,0,0,0,0,19.15,537.35,0,True,False,True,False,False,False,False,True
3280-NMUVX,0,1,1,34,1,0,0,0,0,0,0,0,0,19.6,678.8,0,True,False,True,True,False,True,False,False
1206-EHBDD,0,1,0,56,1,0,1,0,1,0,0,0,0,80.3,4513.65,0,False,True,False,False,True,False,False,False
8361-LBRDI,0,0,0,58,1,1,0,0,0,0,0,0,0,24.35,1423.85,0,False,False,True,False,True,True,False,False
4883-KCPZJ,0,1,1,22,1,1,0,0,0,0,0,0,0,25.25,555.4,0,False,False,True,False,True,True,False,False
9108-EQPNQ,0,1,1,10,1,1,0,0,0,0,0,0,0,26.1,225.55,0,False,False,True,False,True,True,False,False
7277-KAMWT,0,0,0,13,1,0,0,0,0,0,0,0,0,20.0,268.45,0,True,False,True,False,True,True,False,False
3842-IYKUE,0,0,0,35,1,1,0,1,0,1,0,0,0,85.3,2917.5,1,False,True,False,False,False,True,False,False
6641-XRPSU,0,0,0,34,1,0,0,0,0,0,0,0,1,70.0,2416.1,1,False,True,False,False,False,True,False,False
1374-DMZUI,1,0,0,4,1,1,0,0,0,0,1,1,1,94.3,424.45,1,False,True,False,False,False,False,True,False
2545-LXYVJ,0,1,0,72,1,0,0,0,0,0,0,0,0,20.7,1492.1,0,True,False,True,False,True,False,False,False
3234-VKACU,0,0,0,2,1,0,0,0,0,1,1,1,0,70.3,132.4,0,True,False,False,False,False,False,True,False
